# Utah teapot, exported to OBJ by export_teapot_obj.js from the course's
# teapotData.js (32 Bezier patches, 8 divisions per patch side).
# 2094 vertices, 4032 triangles, counter-clockwise seen from outside.
v -0.024959 1.565104 -1.500000
v -0.024959 1.608171 -1.475195
v 0.275612 1.608171 -1.445691
v 0.280666 1.565104 -1.470000
v 0.554055 1.608171 -1.360868
v 0.563791 1.565104 -1.383750
v 0.804838 1.608171 -1.226256
v 0.818791 1.565104 -1.246875
v 1.022430 1.608171 -1.047389
v 1.040041 1.565104 -1.065000
v 1.201297 1.608171 -0.829797
v 1.221916 1.565104 -0.843750
v 1.335909 1.608171 -0.579014
v 1.358791 1.565104 -0.588750
v 1.420732 1.608171 -0.300571
v 1.445041 1.565104 -0.305625
v 1.450236 1.608171 -0.000000
v 1.475041 1.565104 -0.000000
v -0.024959 1.638932 -1.449219
v 0.270319 1.638932 -1.420234
v 0.543859 1.638932 -1.336904
v 0.790226 1.638932 -1.204663
v 1.003986 1.638932 -1.028945
v 1.179704 1.638932 -0.815186
v 1.311945 1.638932 -0.568818
v 1.395275 1.638932 -0.295278
v 1.424260 1.638932 -0.000000
v -0.024959 1.657389 -1.424414
v 0.265265 1.657389 -1.395926
v 0.534123 1.657389 -1.314022
v 0.776274 1.657389 -1.184044
v 0.986375 1.657389 -1.011334
v 1.159085 1.657389 -0.801233
v 1.289063 1.657389 -0.559083
v 1.370967 1.657389 -0.290224
v 1.399455 1.657389 -0.000000
v -0.024959 1.663542 -1.403125
v 0.260928 1.663542 -1.375063
v 0.525767 1.663542 -1.294383
v 0.764299 1.663542 -1.166348
v 0.971260 1.663542 -0.996219
v 1.141389 1.663542 -0.789258
v 1.269424 1.663542 -0.550727
v 1.350103 1.663542 -0.285887
v 1.378166 1.663542 -0.000000
v -0.024959 1.657389 -1.387695
v 0.257784 1.657389 -1.359941
v 0.519711 1.657389 -1.280149
v 0.755619 1.657389 -1.153522
v 0.960305 1.657389 -0.985264
v 1.128563 1.657389 -0.780579
v 1.255190 1.657389 -0.544670
v 1.334982 1.657389 -0.282743
v 1.362736 1.657389 -0.000000
v -0.024959 1.638932 -1.380469
v 0.256311 1.638932 -1.352859
v 0.516875 1.638932 -1.273482
v 0.751555 1.638932 -1.147515
v 0.955174 1.638932 -0.980133
v 1.122555 1.638932 -0.776514
v 1.248523 1.638932 -0.541834
v 1.327900 1.638932 -0.281271
v 1.355510 1.638932 -0.000000
v -0.024959 1.608171 -1.383789
v 0.256988 1.608171 -1.356113
v 0.518178 1.608171 -1.276545
v 0.753422 1.608171 -1.150275
v 0.957531 1.608171 -0.982490
v 1.125316 1.608171 -0.778381
v 1.251586 1.608171 -0.543137
v 1.331154 1.608171 -0.281947
v 1.358830 1.608171 -0.000000
v -0.024959 1.565104 -1.400000
v 0.260291 1.565104 -1.372000
v 0.524541 1.565104 -1.291500
v 0.762541 1.565104 -1.163750
v 0.969041 1.565104 -0.994000
v 1.138791 1.565104 -0.787500
v 1.266541 1.565104 -0.549500
v 1.347041 1.565104 -0.285250
v 1.375041 1.565104 -0.000000
v -1.524959 1.565104 -0.000000
v -1.500154 1.608171 -0.000000
v -1.470651 1.608171 -0.300571
v -1.494959 1.565104 -0.305625
v -1.385827 1.608171 -0.579014
v -1.408709 1.565104 -0.588750
v -1.251215 1.608171 -0.829797
v -1.271834 1.565104 -0.843750
v -1.072348 1.608171 -1.047389
v -1.089959 1.565104 -1.065000
v -0.854757 1.608171 -1.226256
v -0.868709 1.565104 -1.246875
v -0.603973 1.608171 -1.360868
v -0.613709 1.565104 -1.383750
v -0.325530 1.608171 -1.445691
v -0.330584 1.565104 -1.470000
v -1.474178 1.638932 -0.000000
v -1.445194 1.638932 -0.295278
v -1.361863 1.638932 -0.568818
v -1.229622 1.638932 -0.815186
v -1.053904 1.638932 -1.028945
v -0.840145 1.638932 -1.204663
v -0.593778 1.638932 -1.336904
v -0.320237 1.638932 -1.420234
v -1.449373 1.657389 -0.000000
v -1.420885 1.657389 -0.290224
v -1.338981 1.657389 -0.559083
v -1.209003 1.657389 -0.801233
v -1.036293 1.657389 -1.011334
v -0.826192 1.657389 -1.184044
v -0.584042 1.657389 -1.314022
v -0.315184 1.657389 -1.395926
v -1.428084 1.663542 -0.000000
v -1.400022 1.663542 -0.285887
v -1.319342 1.663542 -0.550727
v -1.191307 1.663542 -0.789258
v -1.021178 1.663542 -0.996219
v -0.814217 1.663542 -1.166348
v -0.575686 1.663542 -1.294383
v -0.310846 1.663542 -1.375063
v -1.412654 1.657389 -0.000000
v -1.384901 1.657389 -0.282743
v -1.305108 1.657389 -0.544670
v -1.178481 1.657389 -0.780579
v -1.010223 1.657389 -0.985264
v -0.805538 1.657389 -1.153522
v -0.569630 1.657389 -1.280149
v -0.307702 1.657389 -1.359941
v -1.405428 1.638932 -0.000000
v -1.377819 1.638932 -0.281271
v -1.298442 1.638932 -0.541834
v -1.172474 1.638932 -0.776514
v -1.005092 1.638932 -0.980133
v -0.801473 1.638932 -1.147515
v -0.566793 1.638932 -1.273482
v -0.306230 1.638932 -1.352859
v -1.408748 1.608171 -0.000000
v -1.381072 1.608171 -0.281947
v -1.301505 1.608171 -0.543137
v -1.175234 1.608171 -0.778381
v -1.007449 1.608171 -0.982490
v -0.803340 1.608171 -1.150275
v -0.568096 1.608171 -1.276545
v -0.306906 1.608171 -1.356113
v -1.424959 1.565104 -0.000000
v -1.396959 1.565104 -0.285250
v -1.316459 1.565104 -0.549500
v -1.188709 1.565104 -0.787500
v -1.018959 1.565104 -0.994000
v -0.812459 1.565104 -1.163750
v -0.574459 1.565104 -1.291500
v -0.310209 1.565104 -1.372000
v -0.024959 1.565104 1.500000
v -0.024959 1.608171 1.475195
v -0.325530 1.608171 1.445691
v -0.330584 1.565104 1.470000
v -0.603973 1.608171 1.360868
v -0.613709 1.565104 1.383750
v -0.854757 1.608171 1.226256
v -0.868709 1.565104 1.246875
v -1.072348 1.608171 1.047389
v -1.089959 1.565104 1.065000
v -1.251215 1.608171 0.829797
v -1.271834 1.565104 0.843750
v -1.385827 1.608171 0.579014
v -1.408709 1.565104 0.588750
v -1.470651 1.608171 0.300571
v -1.494959 1.565104 0.305625
v -0.024959 1.638932 1.449219
v -0.320237 1.638932 1.420234
v -0.593778 1.638932 1.336904
v -0.840145 1.638932 1.204663
v -1.053904 1.638932 1.028945
v -1.229622 1.638932 0.815186
v -1.361863 1.638932 0.568818
v -1.445194 1.638932 0.295278
v -0.024959 1.657389 1.424414
v -0.315184 1.657389 1.395926
v -0.584042 1.657389 1.314022
v -0.826192 1.657389 1.184044
v -1.036293 1.657389 1.011334
v -1.209003 1.657389 0.801233
v -1.338981 1.657389 0.559083
v -1.420885 1.657389 0.290224
v -0.024959 1.663542 1.403125
v -0.310846 1.663542 1.375063
v -0.575686 1.663542 1.294383
v -0.814217 1.663542 1.166348
v -1.021178 1.663542 0.996219
v -1.191307 1.663542 0.789258
v -1.319342 1.663542 0.550727
v -1.400022 1.663542 0.285887
v -0.024959 1.657389 1.387695
v -0.307702 1.657389 1.359941
v -0.569630 1.657389 1.280149
v -0.805538 1.657389 1.153522
v -1.010223 1.657389 0.985264
v -1.178481 1.657389 0.780579
v -1.305108 1.657389 0.544670
v -1.384901 1.657389 0.282743
v -0.024959 1.638932 1.380469
v -0.306230 1.638932 1.352859
v -0.566793 1.638932 1.273482
v -0.801473 1.638932 1.147515
v -1.005092 1.638932 0.980133
v -1.172474 1.638932 0.776514
v -1.298442 1.638932 0.541834
v -1.377819 1.638932 0.281271
v -0.024959 1.608171 1.383789
v -0.306906 1.608171 1.356113
v -0.568096 1.608171 1.276545
v -0.803340 1.608171 1.150275
v -1.007449 1.608171 0.982490
v -1.175234 1.608171 0.778381
v -1.301505 1.608171 0.543137
v -1.381072 1.608171 0.281947
v -0.024959 1.565104 1.400000
v -0.310209 1.565104 1.372000
v -0.574459 1.565104 1.291500
v -0.812459 1.565104 1.163750
v -1.018959 1.565104 0.994000
v -1.188709 1.565104 0.787500
v -1.316459 1.565104 0.549500
v -1.396959 1.565104 0.285250
v 1.420732 1.608171 0.300571
v 1.445041 1.565104 0.305625
v 1.335909 1.608171 0.579014
v 1.358791 1.565104 0.588750
v 1.201297 1.608171 0.829797
v 1.221916 1.565104 0.843750
v 1.022430 1.608171 1.047389
v 1.040041 1.565104 1.065000
v 0.804838 1.608171 1.226256
v 0.818791 1.565104 1.246875
v 0.554055 1.608171 1.360868
v 0.563791 1.565104 1.383750
v 0.275612 1.608171 1.445691
v 0.280666 1.565104 1.470000
v 1.395275 1.638932 0.295278
v 1.311945 1.638932 0.568818
v 1.179704 1.638932 0.815186
v 1.003986 1.638932 1.028945
v 0.790226 1.638932 1.204663
v 0.543859 1.638932 1.336904
v 0.270319 1.638932 1.420234
v 1.370967 1.657389 0.290224
v 1.289063 1.657389 0.559083
v 1.159085 1.657389 0.801233
v 0.986375 1.657389 1.011334
v 0.776274 1.657389 1.184044
v 0.534123 1.657389 1.314022
v 0.265265 1.657389 1.395926
v 1.350103 1.663542 0.285887
v 1.269424 1.663542 0.550727
v 1.141389 1.663542 0.789258
v 0.971260 1.663542 0.996219
v 0.764299 1.663542 1.166348
v 0.525767 1.663542 1.294383
v 0.260928 1.663542 1.375063
v 1.334982 1.657389 0.282743
v 1.255190 1.657389 0.544670
v 1.128563 1.657389 0.780579
v 0.960305 1.657389 0.985264
v 0.755619 1.657389 1.153522
v 0.519711 1.657389 1.280149
v 0.257784 1.657389 1.359941
v 1.327900 1.638932 0.281271
v 1.248523 1.638932 0.541834
v 1.122555 1.638932 0.776514
v 0.955174 1.638932 0.980133
v 0.751555 1.638932 1.147515
v 0.516875 1.638932 1.273482
v 0.256311 1.638932 1.352859
v 1.331154 1.608171 0.281947
v 1.251586 1.608171 0.543137
v 1.125316 1.608171 0.778381
v 0.957531 1.608171 0.982490
v 0.753422 1.608171 1.150275
v 0.518178 1.608171 1.276545
v 0.256988 1.608171 1.356113
v 1.347041 1.565104 0.285250
v 1.266541 1.565104 0.549500
v 1.138791 1.565104 0.787500
v 0.969041 1.565104 0.994000
v 0.762541 1.565104 1.163750
v 0.524541 1.565104 1.291500
v 0.260291 1.565104 1.372000
v -0.024959 0.065104 -2.000000
v -0.024959 0.237223 -1.988770
v 0.380253 0.237223 -1.948994
v 0.382541 0.065104 -1.960000
v 0.755633 0.237223 -1.834640
v 0.760041 0.065104 -1.845000
v 1.093724 0.237223 -1.653165
v 1.100041 0.065104 -1.662500
v 1.387067 0.237223 -1.412026
v 1.395041 0.065104 -1.420000
v 1.628206 0.237223 -1.118683
v 1.637541 0.065104 -1.125000
v 1.809681 0.237223 -0.780592
v 1.820041 0.065104 -0.785000
v 1.924035 0.237223 -0.405212
v 1.935041 0.065104 -0.407500
v 1.963810 0.237223 -0.000000
v 1.975041 0.065104 -0.000000
v -0.024959 0.415495 -1.957031
v 0.373786 0.415495 -1.917891
v 0.743176 0.415495 -1.805361
v 1.075871 0.415495 -1.626782
v 1.364533 0.415495 -1.389492
v 1.601823 0.415495 -1.100830
v 1.780402 0.415495 -0.768135
v 1.892931 0.415495 -0.398745
v 1.932072 0.415495 -0.000000
v -0.024959 0.599040 -1.907715
v 0.363738 0.599040 -1.869561
v 0.723819 0.599040 -1.759867
v 1.048130 0.599040 -1.585788
v 1.329518 0.599040 -1.354478
v 1.560829 0.599040 -1.073090
v 1.734908 0.599040 -0.748778
v 1.844601 0.599040 -0.388697
v 1.882756 0.599040 -0.000000
v -0.024959 0.786979 -1.843750
v 0.350705 0.786979 -1.806875
v 0.698713 0.786979 -1.700859
v 1.012150 0.786979 -1.532617
v 1.284103 0.786979 -1.309063
v 1.507658 0.786979 -1.037109
v 1.675900 0.786979 -0.723672
v 1.781916 0.786979 -0.375664
v 1.818791 0.786979 -0.000000
v -0.024959 0.978434 -1.768066
v 0.335284 0.978434 -1.732705
v 0.669007 0.978434 -1.631041
v 0.969578 0.978434 -1.469705
v 1.230368 0.978434 -1.255327
v 1.444746 0.978434 -0.994537
v 1.606082 0.978434 -0.693966
v 1.707746 0.978434 -0.360244
v 1.743107 0.978434 -0.000000
v -0.024959 1.172526 -1.683594
v 0.318073 1.172526 -1.649922
v 0.635851 1.172526 -1.553115
v 0.922062 1.172526 -1.399487
v 1.170392 1.172526 -1.195352
v 1.374528 1.172526 -0.947021
v 1.528156 1.172526 -0.660811
v 1.624963 1.172526 -0.343032
v 1.658635 1.172526 -0.000000
v -0.024959 1.368376 -1.593262
v 0.299668 1.368376 -1.561396
v 0.600396 1.368376 -1.469784
v 0.871251 1.368376 -1.324399
v 1.106257 1.368376 -1.131216
v 1.299440 1.368376 -0.896210
v 1.444825 1.368376 -0.625355
v 1.536437 1.368376 -0.324627
v 1.568303 1.368376 -0.000000
v -2.024959 0.065104 -0.000000
v -2.013729 0.237223 -0.000000
v -1.973953 0.237223 -0.405212
v -1.984959 0.065104 -0.407500
v -1.859599 0.237223 -0.780592
v -1.869959 0.065104 -0.785000
v -1.678124 0.237223 -1.118683
v -1.687459 0.065104 -1.125000
v -1.436986 0.237223 -1.412026
v -1.444959 0.065104 -1.420000
v -1.143642 0.237223 -1.653165
v -1.149959 0.065104 -1.662500
v -0.805551 0.237223 -1.834640
v -0.809959 0.065104 -1.845000
v -0.430171 0.237223 -1.948994
v -0.432459 0.065104 -1.960000
v -1.981990 0.415495 -0.000000
v -1.942850 0.415495 -0.398745
v -1.830320 0.415495 -0.768135
v -1.651741 0.415495 -1.100830
v -1.414451 0.415495 -1.389492
v -1.125789 0.415495 -1.626782
v -0.793094 0.415495 -1.805361
v -0.423704 0.415495 -1.917891
v -1.932674 0.599040 -0.000000
v -1.894520 0.599040 -0.388697
v -1.784826 0.599040 -0.748778
v -1.610747 0.599040 -1.073090
v -1.379437 0.599040 -1.354478
v -1.098049 0.599040 -1.585788
v -0.773737 0.599040 -1.759867
v -0.413656 0.599040 -1.869561
v -1.868709 0.786979 -0.000000
v -1.831834 0.786979 -0.375664
v -1.725819 0.786979 -0.723672
v -1.557576 0.786979 -1.037109
v -1.334022 0.786979 -1.309063
v -1.062069 0.786979 -1.532617
v -0.748631 0.786979 -1.700859
v -0.400623 0.786979 -1.806875
v -1.793026 0.978434 -0.000000
v -1.757664 0.978434 -0.360244
v -1.656000 0.978434 -0.693966
v -1.494664 0.978434 -0.994537
v -1.280286 0.978434 -1.255327
v -1.019497 0.978434 -1.469705
v -0.718925 0.978434 -1.631041
v -0.385203 0.978434 -1.732705
v -1.708553 1.172526 -0.000000
v -1.674881 1.172526 -0.343032
v -1.578074 1.172526 -0.660811
v -1.424446 1.172526 -0.947021
v -1.220311 1.172526 -1.195352
v -0.971981 1.172526 -1.399487
v -0.685770 1.172526 -1.553115
v -0.367991 1.172526 -1.649922
v -1.618221 1.368376 -0.000000
v -1.586356 1.368376 -0.324627
v -1.494743 1.368376 -0.625355
v -1.349358 1.368376 -0.896210
v -1.156175 1.368376 -1.131216
v -0.921169 1.368376 -1.324399
v -0.650314 1.368376 -1.469784
v -0.349586 1.368376 -1.561396
v -0.024959 0.065104 2.000000
v -0.024959 0.237223 1.988770
v -0.430171 0.237223 1.948994
v -0.432459 0.065104 1.960000
v -0.805551 0.237223 1.834640
v -0.809959 0.065104 1.845000
v -1.143642 0.237223 1.653165
v -1.149959 0.065104 1.662500
v -1.436986 0.237223 1.412026
v -1.444959 0.065104 1.420000
v -1.678124 0.237223 1.118683
v -1.687459 0.065104 1.125000
v -1.859599 0.237223 0.780592
v -1.869959 0.065104 0.785000
v -1.973953 0.237223 0.405212
v -1.984959 0.065104 0.407500
v -0.024959 0.415495 1.957031
v -0.423704 0.415495 1.917891
v -0.793094 0.415495 1.805361
v -1.125789 0.415495 1.626782
v -1.414451 0.415495 1.389492
v -1.651741 0.415495 1.100830
v -1.830320 0.415495 0.768135
v -1.942850 0.415495 0.398745
v -0.024959 0.599040 1.907715
v -0.413656 0.599040 1.869561
v -0.773737 0.599040 1.759867
v -1.098049 0.599040 1.585788
v -1.379437 0.599040 1.354478
v -1.610747 0.599040 1.073090
v -1.784826 0.599040 0.748778
v -1.894520 0.599040 0.388697
v -0.024959 0.786979 1.843750
v -0.400623 0.786979 1.806875
v -0.748631 0.786979 1.700859
v -1.062069 0.786979 1.532617
v -1.334022 0.786979 1.309063
v -1.557576 0.786979 1.037109
v -1.725819 0.786979 0.723672
v -1.831834 0.786979 0.375664
v -0.024959 0.978434 1.768066
v -0.385203 0.978434 1.732705
v -0.718925 0.978434 1.631041
v -1.019497 0.978434 1.469705
v -1.280286 0.978434 1.255327
v -1.494664 0.978434 0.994537
v -1.656000 0.978434 0.693966
v -1.757664 0.978434 0.360244
v -0.024959 1.172526 1.683594
v -0.367991 1.172526 1.649922
v -0.685770 1.172526 1.553115
v -0.971981 1.172526 1.399487
v -1.220311 1.172526 1.195352
v -1.424446 1.172526 0.947021
v -1.578074 1.172526 0.660811
v -1.674881 1.172526 0.343032
v -0.024959 1.368376 1.593262
v -0.349586 1.368376 1.561396
v -0.650314 1.368376 1.469784
v -0.921169 1.368376 1.324399
v -1.156175 1.368376 1.131216
v -1.349358 1.368376 0.896210
v -1.494743 1.368376 0.625355
v -1.586356 1.368376 0.324627
v 1.924035 0.237223 0.405212
v 1.935041 0.065104 0.407500
v 1.809681 0.237223 0.780592
v 1.820041 0.065104 0.785000
v 1.628206 0.237223 1.118683
v 1.637541 0.065104 1.125000
v 1.387067 0.237223 1.412026
v 1.395041 0.065104 1.420000
v 1.093724 0.237223 1.653165
v 1.100041 0.065104 1.662500
v 0.755633 0.237223 1.834640
v 0.760041 0.065104 1.845000
v 0.380253 0.237223 1.948994
v 0.382541 0.065104 1.960000
v 1.892931 0.415495 0.398745
v 1.780402 0.415495 0.768135
v 1.601823 0.415495 1.100830
v 1.364533 0.415495 1.389492
v 1.075871 0.415495 1.626782
v 0.743176 0.415495 1.805361
v 0.373786 0.415495 1.917891
v 1.844601 0.599040 0.388697
v 1.734908 0.599040 0.748778
v 1.560829 0.599040 1.073090
v 1.329518 0.599040 1.354478
v 1.048130 0.599040 1.585788
v 0.723819 0.599040 1.759867
v 0.363738 0.599040 1.869561
v 1.781916 0.786979 0.375664
v 1.675900 0.786979 0.723672
v 1.507658 0.786979 1.037109
v 1.284103 0.786979 1.309063
v 1.012150 0.786979 1.532617
v 0.698713 0.786979 1.700859
v 0.350705 0.786979 1.806875
v 1.707746 0.978434 0.360244
v 1.606082 0.978434 0.693966
v 1.444746 0.978434 0.994537
v 1.230368 0.978434 1.255327
v 0.969578 0.978434 1.469705
v 0.669007 0.978434 1.631041
v 0.335284 0.978434 1.732705
v 1.624963 1.172526 0.343032
v 1.528156 1.172526 0.660811
v 1.374528 1.172526 0.947021
v 1.170392 1.172526 1.195352
v 0.922062 1.172526 1.399487
v 0.635851 1.172526 1.553115
v 0.318073 1.172526 1.649922
v 1.536437 1.368376 0.324627
v 1.444825 1.368376 0.625355
v 1.299440 1.368376 0.896210
v 1.106257 1.368376 1.131216
v 0.871251 1.368376 1.324399
v 0.600396 1.368376 1.469784
v 0.299668 1.368376 1.561396
v -0.024959 -0.684896 -1.500000
v -0.024959 -0.649593 -1.521484
v 0.285043 -0.649593 -1.491055
v 0.280666 -0.684896 -1.470000
v 0.572223 -0.649593 -1.403569
v 0.563791 -0.684896 -1.383750
v 0.830876 -0.649593 -1.264734
v 0.818791 -0.684896 -1.246875
v 1.055295 -0.649593 -1.080254
v 1.040041 -0.684896 -1.065000
v 1.239775 -0.649593 -0.855835
v 1.221916 -0.684896 -0.843750
v 1.378610 -0.649593 -0.597183
v 1.358791 -0.684896 -0.588750
v 1.466096 -0.649593 -0.310002
v 1.445041 -0.684896 -0.305625
v 1.496525 -0.649593 -0.000000
v 1.475041 -0.684896 -0.000000
v -0.024959 -0.599349 -1.578125
v 0.296584 -0.599349 -1.546563
v 0.594455 -0.599349 -1.455820
v 0.862736 -0.599349 -1.311816
v 1.095510 -0.599349 -1.120469
v 1.286857 -0.599349 -0.887695
v 1.430861 -0.599349 -0.619414
v 1.521603 -0.599349 -0.321543
v 1.553166 -0.599349 -0.000000
v -0.024959 -0.533285 -1.658203
v 0.312900 -0.533285 -1.625039
v 0.625886 -0.533285 -1.529692
v 0.907780 -0.533285 -1.378381
v 1.152365 -0.533285 -1.177324
v 1.353422 -0.533285 -0.932739
v 1.504733 -0.533285 -0.650845
v 1.600080 -0.533285 -0.337859
v 1.633244 -0.533285 -0.000000
v -0.024959 -0.450521 -1.750000
v 0.331603 -0.450521 -1.715000
v 0.661916 -0.450521 -1.614375
v 0.959416 -0.450521 -1.454687
v 1.217541 -0.450521 -1.242500
v 1.429728 -0.450521 -0.984375
v 1.589416 -0.450521 -0.686875
v 1.690041 -0.450521 -0.356563
v 1.725041 -0.450521 -0.000000
v -0.024959 -0.350179 -1.841797
v 0.350307 -0.350179 -1.804961
v 0.697946 -0.350179 -1.699058
v 1.011052 -0.350179 -1.530994
v 1.282717 -0.350179 -1.307676
v 1.506035 -0.350179 -1.036011
v 1.674098 -0.350179 -0.722905
v 1.780002 -0.350179 -0.375266
v 1.816838 -0.350179 -0.000000
v -0.024959 -0.231380 -1.921875
v 0.366623 -0.231380 -1.883438
v 0.729377 -0.231380 -1.772930
v 1.056096 -0.231380 -1.597559
v 1.339572 -0.231380 -1.364531
v 1.572599 -0.231380 -1.081055
v 1.747971 -0.231380 -0.754336
v 1.858478 -0.231380 -0.391582
v 1.896916 -0.231380 -0.000000
v -0.024959 -0.093245 -1.978516
v 0.378163 -0.093245 -1.938945
v 0.751608 -0.093245 -1.825181
v 1.087956 -0.093245 -1.644641
v 1.379787 -0.093245 -1.404746
v 1.619682 -0.093245 -1.112915
v 1.800222 -0.093245 -0.776567
v 1.913986 -0.093245 -0.403123
v 1.953556 -0.093245 -0.000000
v -1.524959 -0.684896 -0.000000
v -1.546444 -0.649593 -0.000000
v -1.516014 -0.649593 -0.310002
v -1.494959 -0.684896 -0.305625
v -1.428528 -0.649593 -0.597183
v -1.408709 -0.684896 -0.588750
v -1.289693 -0.649593 -0.855835
v -1.271834 -0.684896 -0.843750
v -1.105213 -0.649593 -1.080254
v -1.089959 -0.684896 -1.065000
v -0.880794 -0.649593 -1.264734
v -0.868709 -0.684896 -1.246875
v -0.622142 -0.649593 -1.403569
v -0.613709 -0.684896 -1.383750
v -0.334962 -0.649593 -1.491055
v -0.330584 -0.684896 -1.470000
v -1.603084 -0.599349 -0.000000
v -1.571522 -0.599349 -0.321543
v -1.480779 -0.599349 -0.619414
v -1.336776 -0.599349 -0.887695
v -1.145428 -0.599349 -1.120469
v -0.912654 -0.599349 -1.311816
v -0.644373 -0.599349 -1.455820
v -0.346502 -0.599349 -1.546562
v -1.683162 -0.533285 -0.000000
v -1.649998 -0.533285 -0.337859
v -1.554652 -0.533285 -0.650845
v -1.403340 -0.533285 -0.932739
v -1.202283 -0.533285 -1.177324
v -0.957698 -0.533285 -1.378381
v -0.675804 -0.533285 -1.529692
v -0.362818 -0.533285 -1.625039
v -1.774959 -0.450521 -0.000000
v -1.739959 -0.450521 -0.356563
v -1.639334 -0.450521 -0.686875
v -1.479647 -0.450521 -0.984375
v -1.267459 -0.450521 -1.242500
v -1.009334 -0.450521 -1.454687
v -0.711834 -0.450521 -1.614375
v -0.381522 -0.450521 -1.715000
v -1.866756 -0.350179 -0.000000
v -1.829920 -0.350179 -0.375266
v -1.724017 -0.350179 -0.722905
v -1.555953 -0.350179 -1.036011
v -1.332635 -0.350179 -1.307676
v -1.060970 -0.350179 -1.530994
v -0.747864 -0.350179 -1.699058
v -0.400225 -0.350179 -1.804961
v -1.946834 -0.231380 -0.000000
v -1.908397 -0.231380 -0.391582
v -1.797889 -0.231380 -0.754336
v -1.622518 -0.231380 -1.081055
v -1.389490 -0.231380 -1.364531
v -1.106014 -0.231380 -1.597559
v -0.779295 -0.231380 -1.772930
v -0.416541 -0.231380 -1.883438
v -2.003475 -0.093245 -0.000000
v -1.963904 -0.093245 -0.403123
v -1.850140 -0.093245 -0.776567
v -1.669600 -0.093245 -1.112915
v -1.429705 -0.093245 -1.404746
v -1.137874 -0.093245 -1.644641
v -0.801527 -0.093245 -1.825181
v -0.428082 -0.093245 -1.938945
v -0.024959 -0.684896 1.500000
v -0.024959 -0.649593 1.521484
v -0.334962 -0.649593 1.491055
v -0.330584 -0.684896 1.470000
v -0.622142 -0.649593 1.403569
v -0.613709 -0.684896 1.383750
v -0.880794 -0.649593 1.264734
v -0.868709 -0.684896 1.246875
v -1.105213 -0.649593 1.080254
v -1.089959 -0.684896 1.065000
v -1.289693 -0.649593 0.855835
v -1.271834 -0.684896 0.843750
v -1.428528 -0.649593 0.597183
v -1.408709 -0.684896 0.588750
v -1.516014 -0.649593 0.310002
v -1.494959 -0.684896 0.305625
v -0.024959 -0.599349 1.578125
v -0.346502 -0.599349 1.546563
v -0.644373 -0.599349 1.455820
v -0.912654 -0.599349 1.311816
v -1.145428 -0.599349 1.120469
v -1.336776 -0.599349 0.887695
v -1.480779 -0.599349 0.619414
v -1.571522 -0.599349 0.321543
v -0.024959 -0.533285 1.658203
v -0.362818 -0.533285 1.625039
v -0.675804 -0.533285 1.529692
v -0.957698 -0.533285 1.378381
v -1.202283 -0.533285 1.177324
v -1.403340 -0.533285 0.932739
v -1.554652 -0.533285 0.650845
v -1.649998 -0.533285 0.337859
v -0.024959 -0.450521 1.750000
v -0.381522 -0.450521 1.715000
v -0.711834 -0.450521 1.614375
v -1.009334 -0.450521 1.454687
v -1.267459 -0.450521 1.242500
v -1.479647 -0.450521 0.984375
v -1.639334 -0.450521 0.686875
v -1.739959 -0.450521 0.356563
v -0.024959 -0.350179 1.841797
v -0.400225 -0.350179 1.804961
v -0.747864 -0.350179 1.699058
v -1.060970 -0.350179 1.530994
v -1.332635 -0.350179 1.307676
v -1.555953 -0.350179 1.036011
v -1.724017 -0.350179 0.722905
v -1.829920 -0.350179 0.375266
v -0.024959 -0.231380 1.921875
v -0.416541 -0.231380 1.883438
v -0.779295 -0.231380 1.772930
v -1.106014 -0.231380 1.597559
v -1.389490 -0.231380 1.364531
v -1.622518 -0.231380 1.081055
v -1.797889 -0.231380 0.754336
v -1.908397 -0.231380 0.391582
v -0.024959 -0.093245 1.978516
v -0.428082 -0.093245 1.938945
v -0.801527 -0.093245 1.825181
v -1.137874 -0.093245 1.644641
v -1.429705 -0.093245 1.404746
v -1.669600 -0.093245 1.112915
v -1.850140 -0.093245 0.776567
v -1.963904 -0.093245 0.403123
v 1.466096 -0.649593 0.310002
v 1.445041 -0.684896 0.305625
v 1.378610 -0.649593 0.597183
v 1.358791 -0.684896 0.588750
v 1.239775 -0.649593 0.855835
v 1.221916 -0.684896 0.843750
v 1.055295 -0.649593 1.080254
v 1.040041 -0.684896 1.065000
v 0.830876 -0.649593 1.264734
v 0.818791 -0.684896 1.246875
v 0.572223 -0.649593 1.403569
v 0.563791 -0.684896 1.383750
v 0.285043 -0.649593 1.491055
v 0.280666 -0.684896 1.470000
v 1.521603 -0.599349 0.321543
v 1.430861 -0.599349 0.619414
v 1.286857 -0.599349 0.887695
v 1.095510 -0.599349 1.120469
v 0.862736 -0.599349 1.311816
v 0.594455 -0.599349 1.455820
v 0.296584 -0.599349 1.546562
v 1.600080 -0.533285 0.337859
v 1.504733 -0.533285 0.650845
v 1.353422 -0.533285 0.932739
v 1.152365 -0.533285 1.177324
v 0.907780 -0.533285 1.378381
v 0.625886 -0.533285 1.529692
v 0.312900 -0.533285 1.625039
v 1.690041 -0.450521 0.356563
v 1.589416 -0.450521 0.686875
v 1.429728 -0.450521 0.984375
v 1.217541 -0.450521 1.242500
v 0.959416 -0.450521 1.454687
v 0.661916 -0.450521 1.614375
v 0.331603 -0.450521 1.715000
v 1.780002 -0.350179 0.375266
v 1.674098 -0.350179 0.722905
v 1.506035 -0.350179 1.036011
v 1.282717 -0.350179 1.307676
v 1.011052 -0.350179 1.530994
v 0.697946 -0.350179 1.699058
v 0.350307 -0.350179 1.804961
v 1.858478 -0.231380 0.391582
v 1.747971 -0.231380 0.754336
v 1.572599 -0.231380 1.081055
v 1.339572 -0.231380 1.364531
v 1.056096 -0.231380 1.597559
v 0.729377 -0.231380 1.772930
v 0.366623 -0.231380 1.883438
v 1.913986 -0.093245 0.403123
v 1.800222 -0.093245 0.776567
v 1.619682 -0.093245 1.112915
v 1.379787 -0.093245 1.404746
v 1.087956 -0.093245 1.644641
v 0.751608 -0.093245 1.825181
v 0.378163 -0.093245 1.938945
v -3.024959 0.965104 -0.000000
v -3.001522 1.113639 -0.000000
v -2.988841 1.110448 -0.098437
v -3.012069 0.965104 -0.098437
v -2.955410 1.102035 -0.168750
v -2.978084 0.965104 -0.168750
v -2.908145 1.090141 -0.210938
v -2.930037 0.965104 -0.210938
v -2.853963 1.076506 -0.225000
v -2.874959 0.965104 -0.225000
v -2.799781 1.062870 -0.210938
v -2.819881 0.965104 -0.210938
v -2.752517 1.050976 -0.168750
v -2.771834 0.965104 -0.168750
v -2.719085 1.042563 -0.098438
v -2.737850 0.965104 -0.098437
v -2.706404 1.039372 -0.000000
v -2.724959 0.965104 -0.000000
v -2.931209 1.225260 -0.000000
v -2.919191 1.219671 -0.098438
v -2.887508 1.204936 -0.168750
v -2.842714 1.184103 -0.210938
v -2.791365 1.160221 -0.225000
v -2.740017 1.136340 -0.210938
v -2.695223 1.115507 -0.168750
v -2.663539 1.100772 -0.098437
v -2.651522 1.095182 -0.000000
v -2.814022 1.305241 -0.000000
v -2.803170 1.297933 -0.098437
v -2.774562 1.278668 -0.168750
v -2.734117 1.251430 -0.210938
v -2.687752 1.220207 -0.225000
v -2.641388 1.188983 -0.210938
v -2.600942 1.161746 -0.168750
v -2.572334 1.142480 -0.098437
v -2.561483 1.135173 -0.000000
v -2.649959 1.358854 -0.000000
v -2.640828 1.350395 -0.098437
v -2.616756 1.328092 -0.168750
v -2.582723 1.296562 -0.210938
v -2.543709 1.260417 -0.225000
v -2.504695 1.224272 -0.210938
v -2.470662 1.192741 -0.168750
v -2.446590 1.170439 -0.098437
v -2.437459 1.161979 -0.000000
v -2.439022 1.391374 -0.000000
v -2.432215 1.382216 -0.098437
v -2.414272 1.358071 -0.168750
v -2.388903 1.323937 -0.210938
v -2.359822 1.284806 -0.225000
v -2.330741 1.245676 -0.210938
v -2.305373 1.211541 -0.168750
v -2.287429 1.187397 -0.098437
v -2.280623 1.178239 -0.000000
v -2.181209 1.408073 -0.000000
v -2.177382 1.398556 -0.098437
v -2.167293 1.373466 -0.168750
v -2.153029 1.337994 -0.210938
v -2.136678 1.297331 -0.225000
v -2.120327 1.256668 -0.210938
v -2.106063 1.221195 -0.168750
v -2.095974 1.196105 -0.098437
v -2.092147 1.186589 -0.000000
v -1.876522 1.414225 -0.000000
v -1.876379 1.404576 -0.098437
v -1.876003 1.379138 -0.168750
v -1.875471 1.343173 -0.210938
v -1.874861 1.301945 -0.225000
v -1.874252 1.260717 -0.210938
v -1.873720 1.224752 -0.168750
v -1.873344 1.199314 -0.098437
v -1.873201 1.189665 -0.000000
v -1.524959 1.415104 -0.000000
v -1.529256 1.405436 -0.098437
v -1.540584 1.379948 -0.168750
v -1.556600 1.343913 -0.210938
v -1.574959 1.302604 -0.225000
v -1.593319 1.261296 -0.210938
v -1.609334 1.225260 -0.168750
v -1.620662 1.199772 -0.098437
v -1.624959 1.190104 -0.000000
v -2.719085 1.042563 0.098437
v -2.737850 0.965104 0.098437
v -2.752517 1.050976 0.168750
v -2.771834 0.965104 0.168750
v -2.799781 1.062870 0.210938
v -2.819881 0.965104 0.210938
v -2.853963 1.076506 0.225000
v -2.874959 0.965104 0.225000
v -2.908145 1.090141 0.210938
v -2.930037 0.965104 0.210938
v -2.955410 1.102035 0.168750
v -2.978084 0.965104 0.168750
v -2.988841 1.110448 0.098438
v -3.012069 0.965104 0.098437
v -2.663539 1.100772 0.098438
v -2.695223 1.115507 0.168750
v -2.740017 1.136340 0.210938
v -2.791365 1.160221 0.225000
v -2.842714 1.184103 0.210938
v -2.887508 1.204936 0.168750
v -2.919191 1.219671 0.098437
v -2.572334 1.142480 0.098437
v -2.600942 1.161746 0.168750
v -2.641388 1.188983 0.210938
v -2.687752 1.220207 0.225000
v -2.734117 1.251430 0.210938
v -2.774562 1.278668 0.168750
v -2.803170 1.297933 0.098437
v -2.446590 1.170439 0.098437
v -2.470662 1.192741 0.168750
v -2.504695 1.224272 0.210938
v -2.543709 1.260417 0.225000
v -2.582723 1.296562 0.210938
v -2.616756 1.328092 0.168750
v -2.640828 1.350395 0.098437
v -2.287429 1.187397 0.098437
v -2.305373 1.211541 0.168750
v -2.330741 1.245676 0.210938
v -2.359822 1.284806 0.225000
v -2.388903 1.323937 0.210938
v -2.414272 1.358071 0.168750
v -2.432215 1.382216 0.098437
v -2.095974 1.196105 0.098437
v -2.106063 1.221195 0.168750
v -2.120327 1.256668 0.210938
v -2.136678 1.297331 0.225000
v -2.153029 1.337994 0.210938
v -2.167293 1.373466 0.168750
v -2.177382 1.398556 0.098437
v -1.873344 1.199314 0.098437
v -1.873720 1.224752 0.168750
v -1.874252 1.260717 0.210938
v -1.874861 1.301945 0.225000
v -1.875471 1.343173 0.210938
v -1.876003 1.379138 0.168750
v -1.876379 1.404576 0.098437
v -1.620662 1.199772 0.098437
v -1.609334 1.225260 0.168750
v -1.593319 1.261296 0.210938
v -1.574959 1.302604 0.225000
v -1.556600 1.343913 0.210938
v -1.540584 1.379948 0.168750
v -1.529256 1.405436 0.098437
v -1.924959 -0.234896 -0.000000
v -2.187557 -0.104891 -0.000000
v -2.188031 -0.093546 -0.098437
v -1.929256 -0.222005 -0.098437
v -2.189281 -0.063635 -0.168750
v -1.940584 -0.188021 -0.168750
v -2.191048 -0.021348 -0.210938
v -1.956600 -0.139974 -0.210938
v -2.193074 0.027128 -0.225000
v -1.974959 -0.084896 -0.225000
v -2.195100 0.075604 -0.210938
v -1.993319 -0.029818 -0.210938
v -2.196868 0.117891 -0.168750
v -2.009334 0.018229 -0.168750
v -2.198118 0.147802 -0.098438
v -2.020662 0.052214 -0.098437
v -2.198592 0.159147 -0.000000
v -2.024959 0.065104 -0.000000
v -2.413240 0.031706 -0.000000
v -2.410320 0.041902 -0.098438
v -2.402620 0.068785 -0.168750
v -2.391735 0.106790 -0.210938
v -2.379256 0.150358 -0.225000
v -2.366777 0.193926 -0.210938
v -2.355892 0.231932 -0.168750
v -2.348192 0.258814 -0.098437
v -2.345272 0.269010 -0.000000
v -2.602596 0.174455 -0.000000
v -2.596734 0.183692 -0.098437
v -2.581279 0.208043 -0.168750
v -2.559430 0.242471 -0.210938
v -2.534383 0.281938 -0.225000
v -2.509336 0.321404 -0.210938
v -2.487487 0.355832 -0.168750
v -2.472032 0.380184 -0.098437
v -2.466170 0.389421 -0.000000
v -2.756209 0.322917 -0.000000
v -2.747884 0.331175 -0.098437
v -2.725936 0.352946 -0.168750
v -2.694905 0.383726 -0.210938
v -2.659334 0.419010 -0.225000
v -2.623763 0.454295 -0.210938
v -2.592733 0.485075 -0.168750
v -2.570784 0.506846 -0.098437
v -2.562459 0.515104 -0.000000
v -2.874666 0.476652 -0.000000
v -2.864381 0.483705 -0.098437
v -2.837267 0.502298 -0.168750
v -2.798933 0.528586 -0.210938
v -2.754988 0.558720 -0.225000
v -2.711044 0.588854 -0.210938
v -2.672710 0.615142 -0.168750
v -2.645596 0.633735 -0.098437
v -2.635311 0.640788 -0.000000
v -2.958553 0.635221 -0.000000
v -2.946837 0.640634 -0.098437
v -2.915950 0.654905 -0.168750
v -2.872283 0.675081 -0.210938
v -2.822225 0.698210 -0.225000
v -2.772167 0.721338 -0.210938
v -2.728499 0.741514 -0.168750
v -2.697612 0.755785 -0.098437
v -2.685897 0.761198 -0.000000
v -3.008455 0.798185 -0.000000
v -2.995863 0.801317 -0.098437
v -2.962664 0.809572 -0.168750
v -2.915727 0.821244 -0.210938
v -2.861922 0.834623 -0.225000
v -2.808117 0.848003 -0.210938
v -2.761180 0.859674 -0.168750
v -2.727982 0.867930 -0.098437
v -2.715389 0.871061 -0.000000
v -2.198118 0.147802 0.098437
v -2.020662 0.052214 0.098437
v -2.196868 0.117891 0.168750
v -2.009334 0.018229 0.168750
v -2.195100 0.075604 0.210938
v -1.993319 -0.029818 0.210938
v -2.193074 0.027128 0.225000
v -1.974959 -0.084896 0.225000
v -2.191048 -0.021348 0.210938
v -1.956600 -0.139974 0.210938
v -2.189281 -0.063635 0.168750
v -1.940584 -0.188021 0.168750
v -2.188031 -0.093546 0.098438
v -1.929256 -0.222005 0.098437
v -2.348192 0.258814 0.098438
v -2.355892 0.231932 0.168750
v -2.366777 0.193926 0.210938
v -2.379256 0.150358 0.225000
v -2.391735 0.106790 0.210938
v -2.402620 0.068785 0.168750
v -2.410320 0.041902 0.098437
v -2.472032 0.380184 0.098437
v -2.487487 0.355832 0.168750
v -2.509336 0.321404 0.210938
v -2.534383 0.281938 0.225000
v -2.559430 0.242471 0.210938
v -2.581279 0.208043 0.168750
v -2.596734 0.183692 0.098437
v -2.570784 0.506846 0.098437
v -2.592733 0.485075 0.168750
v -2.623763 0.454295 0.210938
v -2.659334 0.419010 0.225000
v -2.694905 0.383726 0.210938
v -2.725936 0.352946 0.168750
v -2.747884 0.331175 0.098437
v -2.645596 0.633735 0.098437
v -2.672710 0.615142 0.168750
v -2.711044 0.588854 0.210938
v -2.754988 0.558720 0.225000
v -2.798933 0.528586 0.210938
v -2.837267 0.502298 0.168750
v -2.864381 0.483705 0.098437
v -2.697612 0.755785 0.098437
v -2.728499 0.741514 0.168750
v -2.772167 0.721338 0.210938
v -2.822225 0.698210 0.225000
v -2.872283 0.675081 0.210938
v -2.915950 0.654905 0.168750
v -2.946837 0.640634 0.098437
v -2.727982 0.867930 0.098437
v -2.761180 0.859674 0.168750
v -2.808117 0.848003 0.210938
v -2.861922 0.834623 0.225000
v -2.915727 0.821244 0.210938
v -2.962664 0.809572 0.168750
v -2.995863 0.801317 0.098437
v 3.275041 1.565104 -0.000000
v 3.005314 1.389323 -0.000000
v 2.985928 1.391375 -0.087812
v 3.249260 1.565104 -0.082031
v 2.934819 1.396784 -0.150535
v 3.181291 1.565104 -0.140625
v 2.862561 1.404433 -0.188168
v 3.085197 1.565104 -0.175781
v 2.779728 1.413200 -0.200713
v 2.975041 1.565104 -0.187500
v 2.696896 1.421967 -0.188168
v 2.864885 1.565104 -0.175781
v 2.624638 1.429615 -0.150535
v 2.768791 1.565104 -0.140625
v 2.573529 1.435025 -0.087812
v 2.700822 1.565104 -0.082031
v 2.554142 1.437077 -0.000000
v 2.675041 1.565104 -0.000000
v 2.842228 1.157292 -0.000000
v 2.826518 1.162831 -0.103052
v 2.785099 1.177433 -0.176660
v 2.726542 1.198078 -0.220825
v 2.659416 1.221745 -0.235547
v 2.592289 1.245411 -0.220825
v 2.533732 1.266056 -0.176660
v 2.492314 1.280659 -0.103052
v 2.476603 1.286198 -0.000000
v 2.742424 0.890104 -0.000000
v 2.728576 0.900188 -0.124598
v 2.692070 0.926771 -0.213596
v 2.640457 0.964355 -0.266995
v 2.581291 1.007438 -0.284795
v 2.522125 1.050522 -0.266995
v 2.470512 1.088105 -0.213596
v 2.434005 1.114689 -0.124598
v 2.420158 1.124772 -0.000000
v 2.662541 0.608854 -0.000000
v 2.649650 0.624162 -0.149297
v 2.615666 0.664518 -0.255937
v 2.567619 0.721574 -0.319922
v 2.512541 0.786979 -0.341250
v 2.457463 0.852384 -0.319922
v 2.409416 0.909440 -0.255937
v 2.375431 0.949797 -0.149297
v 2.362541 0.965104 -0.000000
v 2.559221 0.334635 -0.000000
v 2.547287 0.355469 -0.173996
v 2.515825 0.410395 -0.298279
v 2.471344 0.488049 -0.372849
v 2.420353 0.577067 -0.397705
v 2.369363 0.666085 -0.372849
v 2.324882 0.743739 -0.298279
v 2.293420 0.798665 -0.173996
v 2.281486 0.819499 -0.000000
v 2.389103 0.088542 -0.000000
v 2.379033 0.114826 -0.195542
v 2.352482 0.184123 -0.335215
v 2.314946 0.282093 -0.419019
v 2.271916 0.394401 -0.446953
v 2.228886 0.506709 -0.419019
v 2.191349 0.604679 -0.335215
v 2.164799 0.673976 -0.195542
v 2.154728 0.700260 -0.000000
v 2.108830 -0.108333 -0.000000
v 2.102435 -0.077051 -0.210782
v 2.085576 0.005421 -0.361340
v 2.061740 0.122019 -0.451675
v 2.034416 0.255680 -0.481787
v 2.007092 0.389342 -0.451675
v 1.983256 0.505940 -0.361340
v 1.966397 0.588412 -0.210782
v 1.960002 0.619694 -0.000000
v 1.675041 -0.234896 -0.000000
v 1.675041 -0.199447 -0.216563
v 1.675041 -0.105990 -0.371250
v 1.675041 0.026139 -0.464063
v 1.675041 0.177604 -0.495000
v 1.675041 0.329069 -0.464063
v 1.675041 0.461198 -0.371250
v 1.675041 0.554655 -0.216563
v 1.675041 0.590104 -0.000000
v 2.573529 1.435025 0.087812
v 2.700822 1.565104 0.082031
v 2.624638 1.429615 0.150535
v 2.768791 1.565104 0.140625
v 2.696896 1.421967 0.188168
v 2.864885 1.565104 0.175781
v 2.779728 1.413200 0.200713
v 2.975041 1.565104 0.187500
v 2.862561 1.404433 0.188168
v 3.085197 1.565104 0.175781
v 2.934819 1.396784 0.150535
v 3.181291 1.565104 0.140625
v 2.985928 1.391375 0.087812
v 3.249260 1.565104 0.082031
v 2.492314 1.280659 0.103052
v 2.533732 1.266056 0.176660
v 2.592289 1.245411 0.220825
v 2.659416 1.221745 0.235547
v 2.726542 1.198078 0.220825
v 2.785099 1.177433 0.176660
v 2.826518 1.162831 0.103052
v 2.434005 1.114689 0.124598
v 2.470512 1.088105 0.213596
v 2.522125 1.050522 0.266995
v 2.581291 1.007438 0.284795
v 2.640457 0.964355 0.266995
v 2.692070 0.926771 0.213596
v 2.728576 0.900188 0.124598
v 2.375431 0.949797 0.149297
v 2.409416 0.909440 0.255937
v 2.457463 0.852384 0.319922
v 2.512541 0.786979 0.341250
v 2.567619 0.721574 0.319922
v 2.615666 0.664518 0.255937
v 2.649650 0.624162 0.149297
v 2.293420 0.798665 0.173996
v 2.324882 0.743739 0.298279
v 2.369363 0.666085 0.372849
v 2.420353 0.577067 0.397705
v 2.471344 0.488049 0.372849
v 2.515825 0.410395 0.298279
v 2.547287 0.355469 0.173996
v 2.164799 0.673976 0.195542
v 2.191349 0.604679 0.335215
v 2.228886 0.506709 0.419019
v 2.271916 0.394401 0.446953
v 2.314946 0.282093 0.419019
v 2.352482 0.184123 0.335215
v 2.379033 0.114826 0.195542
v 1.966397 0.588412 0.210782
v 1.983256 0.505940 0.361340
v 2.007092 0.389342 0.451675
v 2.034416 0.255680 0.481787
v 2.061740 0.122019 0.451675
v 2.085576 0.005421 0.361340
v 2.102435 -0.077051 0.210782
v 1.675041 0.554655 0.216563
v 1.675041 0.461198 0.371250
v 1.675041 0.329069 0.464063
v 1.675041 0.177604 0.495000
v 1.675041 0.026139 0.464063
v 1.675041 -0.105990 0.371250
v 1.675041 -0.199447 0.216563
v 3.175041 1.565104 -0.000000
v 3.260344 1.601249 -0.000000
v 3.240716 1.600754 -0.050629
v 3.157853 1.565104 -0.049219
v 3.188971 1.599447 -0.086792
v 3.112541 1.565104 -0.084375
v 3.115813 1.597599 -0.108490
v 3.048478 1.565104 -0.105469
v 3.031950 1.595481 -0.115723
v 2.975041 1.565104 -0.112500
v 2.948087 1.593363 -0.108490
v 2.901603 1.565104 -0.105469
v 2.874929 1.591516 -0.086792
v 2.837541 1.565104 -0.084375
v 2.823184 1.590209 -0.050629
v 2.792228 1.565104 -0.049219
v 2.803556 1.589714 -0.000000
v 2.775041 1.565104 -0.000000
v 3.327775 1.625749 -0.000000
v 3.305771 1.624956 -0.054346
v 3.247758 1.622865 -0.093164
v 3.165741 1.619909 -0.116455
v 3.071721 1.616520 -0.124219
v 2.977700 1.613132 -0.116455
v 2.895683 1.610176 -0.093164
v 2.837671 1.608085 -0.054346
v 2.815666 1.607292 -0.000000
v 3.375871 1.639262 -0.000000
v 3.351716 1.638341 -0.059601
v 3.288034 1.635914 -0.102173
v 3.198001 1.632483 -0.127716
v 3.094792 1.628550 -0.136230
v 2.991583 1.624617 -0.127716
v 2.901550 1.621186 -0.102173
v 2.837868 1.618759 -0.059601
v 2.813713 1.617839 -0.000000
v 3.403166 1.642448 -0.000000
v 3.377250 1.641542 -0.065625
v 3.308928 1.639152 -0.112500
v 3.212333 1.635774 -0.140625
v 3.101603 1.631901 -0.150000
v 2.990873 1.628028 -0.140625
v 2.894279 1.624650 -0.112500
v 2.825956 1.622261 -0.065625
v 2.800041 1.621354 -0.000000
v 3.408195 1.635966 -0.000000
v 3.381073 1.635187 -0.071649
v 3.309570 1.633134 -0.122827
v 3.208479 1.630230 -0.153534
v 3.092595 1.626902 -0.163770
v 2.976710 1.623574 -0.153534
v 2.875619 1.620671 -0.122827
v 2.804116 1.618617 -0.071649
v 2.776994 1.617839 -0.000000
v 3.389494 1.620475 -0.000000
v 3.361883 1.619909 -0.076904
v 3.289091 1.618415 -0.131836
v 3.186178 1.616304 -0.164795
v 3.068205 1.613883 -0.175781
v 2.950232 1.611463 -0.164795
v 2.847319 1.609352 -0.131836
v 2.774527 1.607858 -0.076904
v 2.746916 1.607292 -0.000000
v 3.345597 1.596635 -0.000000
v 3.318379 1.596338 -0.080621
v 3.246621 1.595553 -0.138208
v 3.145171 1.594445 -0.172760
v 3.028874 1.593174 -0.184277
v 2.912577 1.591904 -0.172760
v 2.811126 1.590795 -0.138208
v 2.739369 1.590011 -0.080621
v 2.712150 1.589714 -0.000000
v 2.823184 1.590209 0.050629
v 2.792228 1.565104 0.049219
v 2.874929 1.591516 0.086792
v 2.837541 1.565104 0.084375
v 2.948087 1.593363 0.108490
v 2.901603 1.565104 0.105469
v 3.031950 1.595481 0.115723
v 2.975041 1.565104 0.112500
v 3.115813 1.597599 0.108490
v 3.048478 1.565104 0.105469
v 3.188971 1.599447 0.086792
v 3.112541 1.565104 0.084375
v 3.240716 1.600754 0.050629
v 3.157853 1.565104 0.049219
v 2.837671 1.608085 0.054346
v 2.895683 1.610176 0.093164
v 2.977700 1.613132 0.116455
v 3.071721 1.616520 0.124219
v 3.165741 1.619909 0.116455
v 3.247758 1.622865 0.093164
v 3.305771 1.624956 0.054346
v 2.837868 1.618759 0.059601
v 2.901550 1.621186 0.102173
v 2.991583 1.624617 0.127716
v 3.094792 1.628550 0.136230
v 3.198001 1.632483 0.127716
v 3.288034 1.635914 0.102173
v 3.351716 1.638341 0.059601
v 2.825956 1.622261 0.065625
v 2.894279 1.624650 0.112500
v 2.990873 1.628028 0.140625
v 3.101603 1.631901 0.150000
v 3.212333 1.635774 0.140625
v 3.308928 1.639152 0.112500
v 3.377250 1.641542 0.065625
v 2.804116 1.618617 0.071649
v 2.875619 1.620671 0.122827
v 2.976710 1.623574 0.153534
v 3.092595 1.626902 0.163770
v 3.208479 1.630230 0.153534
v 3.309570 1.633134 0.122827
v 3.381073 1.635187 0.071649
v 2.774527 1.607858 0.076904
v 2.847319 1.609352 0.131836
v 2.950232 1.611463 0.164795
v 3.068205 1.613883 0.175781
v 3.186178 1.616304 0.164795
v 3.289091 1.618415 0.131836
v 3.361883 1.619909 0.076904
v 2.739369 1.590011 0.080621
v 2.811126 1.590795 0.138208
v 2.912577 1.591904 0.172760
v 3.028874 1.593174 0.184277
v 3.145171 1.594445 0.172760
v 3.246621 1.595553 0.138208
v 3.318379 1.596338 0.080621
v -0.024959 1.865104 -0.200000
v -0.024959 1.927507 -0.166797
v 0.009049 1.927507 -0.163464
v 0.015791 1.865104 -0.196000
v 0.040543 1.927507 -0.153882
v 0.053541 1.865104 -0.184500
v 0.068900 1.927507 -0.138672
v 0.087541 1.865104 -0.166250
v 0.093497 1.927507 -0.118457
v 0.117041 1.865104 -0.142000
v 0.113712 1.927507 -0.093859
v 0.141291 1.865104 -0.112500
v 0.128923 1.927507 -0.065502
v 0.159541 1.865104 -0.078500
v 0.138505 1.927507 -0.034008
v 0.171041 1.865104 -0.040750
v 0.141838 1.927507 -0.000000
v 0.175041 1.865104 -0.000000
v -0.024959 1.998698 -0.196875
v 0.015235 1.998698 -0.192949
v 0.052433 1.998698 -0.181657
v 0.085907 1.998698 -0.163727
v 0.114928 1.998698 -0.139887
v 0.138767 1.998698 -0.110866
v 0.156698 1.998698 -0.077392
v 0.167990 1.998698 -0.040194
v 0.171916 1.998698 -0.000000
v -0.024959 2.073405 -0.259766
v 0.028120 2.073405 -0.254592
v 0.077221 2.073405 -0.239708
v 0.121391 2.073405 -0.216069
v 0.159672 2.073405 -0.184631
v 0.191110 2.073405 -0.146350
v 0.214749 2.073405 -0.102180
v 0.229633 2.073405 -0.053079
v 0.234806 2.073405 -0.000000
v -0.024959 2.146354 -0.325000
v 0.041475 2.146354 -0.318531
v 0.102920 2.146354 -0.299918
v 0.158183 2.146354 -0.270354
v 0.206072 2.146354 -0.231031
v 0.245395 2.146354 -0.183142
v 0.274959 2.146354 -0.127879
v 0.293572 2.146354 -0.066434
v 0.300041 2.146354 -0.000000
v -0.024959 2.212272 -0.362109
v 0.049073 2.212272 -0.354903
v 0.117540 2.212272 -0.334169
v 0.179114 2.212272 -0.301235
v 0.232468 2.212272 -0.257427
v 0.276276 2.212272 -0.204073
v 0.309210 2.212272 -0.142499
v 0.329944 2.212272 -0.074032
v 0.337150 2.212272 -0.000000
v -0.024959 2.265885 -0.340625
v 0.044685 2.265885 -0.333847
v 0.109092 2.265885 -0.314345
v 0.167013 2.265885 -0.283367
v 0.217201 2.265885 -0.242160
v 0.258408 2.265885 -0.191972
v 0.289386 2.265885 -0.134051
v 0.308888 2.265885 -0.069645
v 0.315666 2.265885 -0.000000
v -0.024959 2.301921 -0.230078
v 0.022084 2.301921 -0.225500
v 0.065589 2.301921 -0.212328
v 0.104712 2.301921 -0.191404
v 0.138612 2.301921 -0.163571
v 0.166445 2.301921 -0.129671
v 0.187369 2.301921 -0.090548
v 0.200541 2.301921 -0.047043
v 0.205119 2.301921 -0.000000
v -0.024959 2.315104 -0.000000
v -0.224959 1.865104 -0.000000
v -0.191756 1.927507 -0.000000
v -0.188423 1.927507 -0.034008
v -0.220959 1.865104 -0.040750
v -0.178841 1.927507 -0.065502
v -0.209459 1.865104 -0.078500
v -0.163631 1.927507 -0.093859
v -0.191209 1.865104 -0.112500
v -0.143416 1.927507 -0.118457
v -0.166959 1.865104 -0.142000
v -0.118818 1.927507 -0.138672
v -0.137459 1.865104 -0.166250
v -0.090462 1.927507 -0.153882
v -0.103459 1.865104 -0.184500
v -0.058968 1.927507 -0.163464
v -0.065709 1.865104 -0.196000
v -0.221834 1.998698 -0.000000
v -0.217908 1.998698 -0.040194
v -0.206616 1.998698 -0.077392
v -0.188686 1.998698 -0.110866
v -0.164846 1.998698 -0.139887
v -0.135825 1.998698 -0.163727
v -0.102351 1.998698 -0.181657
v -0.065153 1.998698 -0.192949
v -0.284725 2.073405 -0.000000
v -0.279551 2.073405 -0.053079
v -0.264667 2.073405 -0.102180
v -0.241028 2.073405 -0.146350
v -0.209590 2.073405 -0.184631
v -0.171309 2.073405 -0.216069
v -0.127140 2.073405 -0.239708
v -0.078038 2.073405 -0.254592
v -0.349959 2.146354 -0.000000
v -0.343490 2.146354 -0.066434
v -0.324877 2.146354 -0.127879
v -0.295313 2.146354 -0.183142
v -0.255990 2.146354 -0.231031
v -0.208101 2.146354 -0.270354
v -0.152838 2.146354 -0.299918
v -0.091393 2.146354 -0.318531
v -0.387069 2.212272 -0.000000
v -0.379862 2.212272 -0.074032
v -0.359129 2.212272 -0.142499
v -0.326194 2.212272 -0.204073
v -0.282386 2.212272 -0.257427
v -0.229032 2.212272 -0.301235
v -0.167458 2.212272 -0.334169
v -0.098991 2.212272 -0.354903
v -0.365584 2.265885 -0.000000
v -0.358806 2.265885 -0.069645
v -0.339304 2.265885 -0.134051
v -0.308326 2.265885 -0.191972
v -0.267119 2.265885 -0.242160
v -0.216932 2.265885 -0.283367
v -0.159010 2.265885 -0.314345
v -0.094604 2.265885 -0.333847
v -0.255037 2.301921 -0.000000
v -0.250459 2.301921 -0.047043
v -0.237287 2.301921 -0.090548
v -0.216363 2.301921 -0.129671
v -0.188530 2.301921 -0.163571
v -0.154630 2.301921 -0.191404
v -0.115507 2.301921 -0.212328
v -0.072002 2.301921 -0.225500
v -0.024959 1.865104 0.200000
v -0.024959 1.927507 0.166797
v -0.058968 1.927507 0.163464
v -0.065709 1.865104 0.196000
v -0.090462 1.927507 0.153882
v -0.103459 1.865104 0.184500
v -0.118818 1.927507 0.138672
v -0.137459 1.865104 0.166250
v -0.143416 1.927507 0.118457
v -0.166959 1.865104 0.142000
v -0.163631 1.927507 0.093859
v -0.191209 1.865104 0.112500
v -0.178841 1.927507 0.065502
v -0.209459 1.865104 0.078500
v -0.188423 1.927507 0.034008
v -0.220959 1.865104 0.040750
v -0.024959 1.998698 0.196875
v -0.065153 1.998698 0.192949
v -0.102351 1.998698 0.181657
v -0.135825 1.998698 0.163727
v -0.164846 1.998698 0.139887
v -0.188686 1.998698 0.110866
v -0.206616 1.998698 0.077392
v -0.217908 1.998698 0.040194
v -0.024959 2.073405 0.259766
v -0.078038 2.073405 0.254592
v -0.127140 2.073405 0.239708
v -0.171309 2.073405 0.216069
v -0.209590 2.073405 0.184631
v -0.241028 2.073405 0.146350
v -0.264667 2.073405 0.102180
v -0.279551 2.073405 0.053079
v -0.024959 2.146354 0.325000
v -0.091393 2.146354 0.318531
v -0.152838 2.146354 0.299918
v -0.208101 2.146354 0.270354
v -0.255990 2.146354 0.231031
v -0.295313 2.146354 0.183142
v -0.324877 2.146354 0.127879
v -0.343490 2.146354 0.066434
v -0.024959 2.212272 0.362109
v -0.098991 2.212272 0.354903
v -0.167458 2.212272 0.334169
v -0.229032 2.212272 0.301235
v -0.282386 2.212272 0.257427
v -0.326194 2.212272 0.204073
v -0.359129 2.212272 0.142499
v -0.379862 2.212272 0.074032
v -0.024959 2.265885 0.340625
v -0.094604 2.265885 0.333847
v -0.159010 2.265885 0.314345
v -0.216932 2.265885 0.283367
v -0.267119 2.265885 0.242160
v -0.308326 2.265885 0.191972
v -0.339304 2.265885 0.134051
v -0.358806 2.265885 0.069645
v -0.024959 2.301921 0.230078
v -0.072002 2.301921 0.225500
v -0.115507 2.301921 0.212328
v -0.154630 2.301921 0.191404
v -0.188530 2.301921 0.163571
v -0.216363 2.301921 0.129671
v -0.237287 2.301921 0.090548
v -0.250459 2.301921 0.047043
v 0.138505 1.927507 0.034008
v 0.171041 1.865104 0.040750
v 0.128923 1.927507 0.065502
v 0.159541 1.865104 0.078500
v 0.113712 1.927507 0.093859
v 0.141291 1.865104 0.112500
v 0.093497 1.927507 0.118457
v 0.117041 1.865104 0.142000
v 0.068900 1.927507 0.138672
v 0.087541 1.865104 0.166250
v 0.040543 1.927507 0.153882
v 0.053541 1.865104 0.184500
v 0.009049 1.927507 0.163464
v 0.015791 1.865104 0.196000
v 0.167990 1.998698 0.040194
v 0.156698 1.998698 0.077392
v 0.138767 1.998698 0.110866
v 0.114928 1.998698 0.139887
v 0.085907 1.998698 0.163727
v 0.052433 1.998698 0.181657
v 0.015235 1.998698 0.192949
v 0.229633 2.073405 0.053079
v 0.214749 2.073405 0.102180
v 0.191110 2.073405 0.146350
v 0.159672 2.073405 0.184631
v 0.121391 2.073405 0.216069
v 0.077221 2.073405 0.239708
v 0.028120 2.073405 0.254592
v 0.293572 2.146354 0.066434
v 0.274959 2.146354 0.127879
v 0.245395 2.146354 0.183142
v 0.206072 2.146354 0.231031
v 0.158183 2.146354 0.270354
v 0.102920 2.146354 0.299918
v 0.041475 2.146354 0.318531
v 0.329944 2.212272 0.074032
v 0.309210 2.212272 0.142499
v 0.276276 2.212272 0.204073
v 0.232468 2.212272 0.257427
v 0.179114 2.212272 0.301235
v 0.117540 2.212272 0.334169
v 0.049073 2.212272 0.354903
v 0.308888 2.265885 0.069645
v 0.289386 2.265885 0.134051
v 0.258408 2.265885 0.191972
v 0.217201 2.265885 0.242160
v 0.167013 2.265885 0.283367
v 0.109092 2.265885 0.314345
v 0.044685 2.265885 0.333847
v 0.200541 2.301921 0.047043
v 0.187369 2.301921 0.090548
v 0.166445 2.301921 0.129671
v 0.138612 2.301921 0.163571
v 0.104712 2.301921 0.191404
v 0.065589 2.301921 0.212328
v 0.022084 2.301921 0.225500
v -0.024959 1.565104 -1.300000
v -0.024959 1.614909 -1.260938
v 0.231957 1.614909 -1.235719
v 0.239916 1.565104 -1.274000
v 0.469959 1.614909 -1.163215
v 0.485291 1.565104 -1.199250
v 0.684318 1.614909 -1.048154
v 0.706291 1.565104 -1.080625
v 0.870306 1.614909 -0.895266
v 0.898041 1.565104 -0.923000
v 1.023195 1.614909 -0.709277
v 1.055666 1.565104 -0.731250
v 1.138256 1.614909 -0.494918
v 1.174291 1.565104 -0.510250
v 1.210760 1.614909 -0.256916
v 1.249041 1.565104 -0.264875
v 1.235978 1.614909 -0.000000
v 1.275041 1.565104 -0.000000
v -0.024959 1.654167 -1.156250
v 0.210627 1.654167 -1.133125
v 0.428869 1.654167 -1.066641
v 0.625431 1.654167 -0.961133
v 0.795978 1.654167 -0.820937
v 0.936174 1.654167 -0.650391
v 1.041681 1.654167 -0.453828
v 1.108166 1.654167 -0.235586
v 1.131291 1.654167 -0.000000
v -0.024959 1.686393 -1.004687
v 0.179746 1.686393 -0.984594
v 0.369381 1.686393 -0.926824
v 0.540178 1.686393 -0.835146
v 0.688369 1.686393 -0.713328
v 0.810187 1.686393 -0.565137
v 0.901865 1.686393 -0.394340
v 0.959635 1.686393 -0.204705
v 0.979728 1.686393 -0.000000
v -0.024959 1.715104 -0.825000
v 0.143135 1.715104 -0.808500
v 0.298853 1.715104 -0.761063
v 0.439103 1.715104 -0.685781
v 0.560791 1.715104 -0.585750
v 0.660822 1.715104 -0.464062
v 0.736103 1.715104 -0.323813
v 0.783541 1.715104 -0.168094
v 0.800041 1.715104 -0.000000
v -0.024959 1.743815 -0.635938
v 0.104613 1.743815 -0.623219
v 0.224646 1.743815 -0.586652
v 0.332756 1.743815 -0.528623
v 0.426556 1.743815 -0.451516
v 0.503664 1.743815 -0.357715
v 0.561693 1.743815 -0.249605
v 0.598260 1.743815 -0.129572
v 0.610978 1.743815 -0.000000
v -0.024959 1.776042 -0.456250
v 0.068002 1.776042 -0.447125
v 0.154119 1.776042 -0.420891
v 0.231681 1.776042 -0.379258
v 0.298978 1.776042 -0.323937
v 0.354299 1.776042 -0.256641
v 0.395931 1.776042 -0.179078
v 0.422166 1.776042 -0.092961
v 0.431291 1.776042 -0.000000
v -0.024959 1.815299 -0.304688
v 0.037121 1.815299 -0.298594
v 0.094631 1.815299 -0.281074
v 0.146428 1.815299 -0.253271
v 0.191369 1.815299 -0.216328
v 0.228312 1.815299 -0.171387
v 0.256115 1.815299 -0.119590
v 0.273635 1.815299 -0.062080
v 0.279728 1.815299 -0.000000
v -1.324959 1.565104 -0.000000
v -1.285897 1.614909 -0.000000
v -1.260678 1.614909 -0.256916
v -1.298959 1.565104 -0.264875
v -1.188174 1.614909 -0.494918
v -1.224209 1.565104 -0.510250
v -1.073113 1.614909 -0.709277
v -1.105584 1.565104 -0.731250
v -0.920225 1.614909 -0.895266
v -0.947959 1.565104 -0.923000
v -0.734236 1.614909 -1.048154
v -0.756209 1.565104 -1.080625
v -0.519877 1.614909 -1.163215
v -0.535209 1.565104 -1.199250
v -0.281875 1.614909 -1.235719
v -0.289834 1.565104 -1.274000
v -1.181209 1.654167 -0.000000
v -1.158084 1.654167 -0.235586
v -1.091600 1.654167 -0.453828
v -0.986092 1.654167 -0.650391
v -0.845897 1.654167 -0.820938
v -0.675350 1.654167 -0.961133
v -0.478787 1.654167 -1.066641
v -0.260545 1.654167 -1.133125
v -1.029647 1.686393 -0.000000
v -1.009553 1.686393 -0.204705
v -0.951783 1.686393 -0.394340
v -0.860106 1.686393 -0.565137
v -0.738287 1.686393 -0.713328
v -0.590096 1.686393 -0.835146
v -0.419299 1.686393 -0.926824
v -0.229664 1.686393 -0.984594
v -0.849959 1.715104 -0.000000
v -0.833459 1.715104 -0.168094
v -0.786022 1.715104 -0.323813
v -0.710740 1.715104 -0.464062
v -0.610709 1.715104 -0.585750
v -0.489022 1.715104 -0.685781
v -0.348772 1.715104 -0.761063
v -0.193053 1.715104 -0.808500
v -0.660897 1.743815 -0.000000
v -0.648178 1.743815 -0.129572
v -0.611611 1.743815 -0.249605
v -0.553582 1.743815 -0.357715
v -0.476475 1.743815 -0.451516
v -0.382674 1.743815 -0.528623
v -0.274565 1.743815 -0.586652
v -0.154531 1.743815 -0.623219
v -0.481209 1.776042 -0.000000
v -0.472084 1.776042 -0.092961
v -0.445850 1.776042 -0.179078
v -0.404217 1.776042 -0.256641
v -0.348897 1.776042 -0.323938
v -0.281600 1.776042 -0.379258
v -0.204037 1.776042 -0.420891
v -0.117920 1.776042 -0.447125
v -0.329647 1.815299 -0.000000
v -0.323553 1.815299 -0.062080
v -0.306033 1.815299 -0.119590
v -0.278231 1.815299 -0.171387
v -0.241287 1.815299 -0.216328
v -0.196346 1.815299 -0.253271
v -0.144549 1.815299 -0.281074
v -0.087039 1.815299 -0.298594
v -0.024959 1.565104 1.300000
v -0.024959 1.614909 1.260938
v -0.281875 1.614909 1.235719
v -0.289834 1.565104 1.274000
v -0.519877 1.614909 1.163215
v -0.535209 1.565104 1.199250
v -0.734236 1.614909 1.048154
v -0.756209 1.565104 1.080625
v -0.920225 1.614909 0.895266
v -0.947959 1.565104 0.923000
v -1.073113 1.614909 0.709277
v -1.105584 1.565104 0.731250
v -1.188174 1.614909 0.494918
v -1.224209 1.565104 0.510250
v -1.260678 1.614909 0.256916
v -1.298959 1.565104 0.264875
v -0.024959 1.654167 1.156250
v -0.260545 1.654167 1.133125
v -0.478787 1.654167 1.066641
v -0.675350 1.654167 0.961133
v -0.845897 1.654167 0.820937
v -0.986092 1.654167 0.650391
v -1.091600 1.654167 0.453828
v -1.158084 1.654167 0.235586
v -0.024959 1.686393 1.004687
v -0.229664 1.686393 0.984594
v -0.419299 1.686393 0.926824
v -0.590096 1.686393 0.835146
v -0.738287 1.686393 0.713328
v -0.860106 1.686393 0.565137
v -0.951783 1.686393 0.394340
v -1.009553 1.686393 0.204705
v -0.024959 1.715104 0.825000
v -0.193053 1.715104 0.808500
v -0.348772 1.715104 0.761063
v -0.489022 1.715104 0.685781
v -0.610709 1.715104 0.585750
v -0.710740 1.715104 0.464062
v -0.786022 1.715104 0.323813
v -0.833459 1.715104 0.168094
v -0.024959 1.743815 0.635938
v -0.154531 1.743815 0.623219
v -0.274565 1.743815 0.586652
v -0.382674 1.743815 0.528623
v -0.476475 1.743815 0.451516
v -0.553582 1.743815 0.357715
v -0.611611 1.743815 0.249605
v -0.648178 1.743815 0.129572
v -0.024959 1.776042 0.456250
v -0.117920 1.776042 0.447125
v -0.204037 1.776042 0.420891
v -0.281600 1.776042 0.379258
v -0.348897 1.776042 0.323937
v -0.404217 1.776042 0.256641
v -0.445850 1.776042 0.179078
v -0.472084 1.776042 0.092961
v -0.024959 1.815299 0.304688
v -0.087039 1.815299 0.298594
v -0.144549 1.815299 0.281074
v -0.196346 1.815299 0.253271
v -0.241287 1.815299 0.216328
v -0.278231 1.815299 0.171387
v -0.306033 1.815299 0.119590
v -0.323553 1.815299 0.062080
v 1.210760 1.614909 0.256916
v 1.249041 1.565104 0.264875
v 1.138256 1.614909 0.494918
v 1.174291 1.565104 0.510250
v 1.023195 1.614909 0.709277
v 1.055666 1.565104 0.731250
v 0.870306 1.614909 0.895266
v 0.898041 1.565104 0.923000
v 0.684318 1.614909 1.048154
v 0.706291 1.565104 1.080625
v 0.469959 1.614909 1.163215
v 0.485291 1.565104 1.199250
v 0.231957 1.614909 1.235719
v 0.239916 1.565104 1.274000
v 1.108166 1.654167 0.235586
v 1.041681 1.654167 0.453828
v 0.936174 1.654167 0.650391
v 0.795978 1.654167 0.820938
v 0.625431 1.654167 0.961133
v 0.428869 1.654167 1.066641
v 0.210627 1.654167 1.133125
v 0.959635 1.686393 0.204705
v 0.901865 1.686393 0.394340
v 0.810187 1.686393 0.565137
v 0.688369 1.686393 0.713328
v 0.540178 1.686393 0.835146
v 0.369381 1.686393 0.926824
v 0.179746 1.686393 0.984594
v 0.783541 1.715104 0.168094
v 0.736103 1.715104 0.323813
v 0.660822 1.715104 0.464062
v 0.560791 1.715104 0.585750
v 0.439103 1.715104 0.685781
v 0.298853 1.715104 0.761063
v 0.143135 1.715104 0.808500
v 0.598260 1.743815 0.129572
v 0.561693 1.743815 0.249605
v 0.503664 1.743815 0.357715
v 0.426556 1.743815 0.451516
v 0.332756 1.743815 0.528623
v 0.224646 1.743815 0.586652
v 0.104613 1.743815 0.623219
v 0.422166 1.776042 0.092961
v 0.395931 1.776042 0.179078
v 0.354299 1.776042 0.256641
v 0.298978 1.776042 0.323938
v 0.231681 1.776042 0.379258
v 0.154119 1.776042 0.420891
v 0.068002 1.776042 0.447125
v 0.273635 1.815299 0.062080
v 0.256115 1.815299 0.119590
v 0.228312 1.815299 0.171387
v 0.191369 1.815299 0.216328
v 0.146428 1.815299 0.253271
v 0.094631 1.815299 0.281074
v 0.037121 1.815299 0.298594
v -0.024959 -0.712874 1.493994
v 0.279442 -0.712874 1.464114
v 0.280666 -0.684896 1.470000
v 0.561434 -0.712874 1.378210
v 0.815413 -0.712874 1.241883
v 0.818791 -0.684896 1.246875
v 1.035777 -0.712874 1.060736
v 1.216923 -0.712874 0.840372
v 1.353250 -0.712874 0.586393
v 1.358791 -0.684896 0.588750
v 1.439155 -0.712874 0.304401
v 1.469035 -0.712874 -0.000000
v -0.024959 -0.739974 1.466016
v 0.273742 -0.739974 1.436695
v 0.550452 -0.739974 1.352399
v 0.799675 -0.739974 1.218625
v 1.015912 -0.739974 1.040871
v 1.193666 -0.739974 0.824634
v 1.327440 -0.739974 0.575411
v 1.411736 -0.739974 0.298701
v 1.441056 -0.739974 -0.000000
v -0.024959 -0.765316 1.401123
v 0.260520 -0.765316 1.373101
v 0.524982 -0.765316 1.292536
v 0.763173 -0.765316 1.164684
v 0.969838 -0.765316 0.994797
v 1.139724 -0.765316 0.788132
v 1.267577 -0.765316 0.549941
v 1.348141 -0.765316 0.285479
v 1.376164 -0.765316 -0.000000
v -0.024959 -0.788021 1.284375
v 0.236732 -0.788021 1.258688
v 0.479158 -0.788021 1.184836
v 0.697502 -0.788021 1.067637
v 0.886947 -0.788021 0.911906
v 1.042678 -0.788021 0.722461
v 1.159877 -0.788021 0.504117
v 1.233728 -0.788021 0.261691
v 1.259416 -0.788021 -0.000000
v -0.024959 -0.807210 1.100830
v 0.199335 -0.807210 1.078813
v 0.407117 -0.807210 1.015516
v 0.594258 -0.807210 0.915065
v 0.756630 -0.807210 0.781589
v 0.890106 -0.807210 0.619217
v 0.990557 -0.807210 0.432076
v 1.053854 -0.807210 0.224294
v 1.075871 -0.807210 -0.000000
v -0.024959 -0.822005 0.835547
v 0.145284 -0.822005 0.818836
v 0.302993 -0.822005 0.770792
v 0.445036 -0.822005 0.694548
v 0.568279 -0.822005 0.593238
v 0.669589 -0.822005 0.469995
v 0.745833 -0.822005 0.327952
v 0.793877 -0.822005 0.170243
v 0.810588 -0.822005 -0.000000
v -0.024959 -0.831527 0.473584
v 0.071534 -0.831527 0.464112
v 0.160923 -0.831527 0.436881
v 0.241432 -0.831527 0.393667
v 0.311285 -0.831527 0.336245
v 0.368708 -0.831527 0.266391
v 0.411922 -0.831527 0.185882
v 0.439153 -0.831527 0.096493
v 0.448625 -0.831527 -0.000000
v -0.024959 -0.834896 -0.000000
v -1.518953 -0.712874 -0.000000
v -1.489073 -0.712874 0.304401
v -1.403169 -0.712874 0.586393
v -1.408709 -0.684896 0.588750
v -1.266842 -0.712874 0.840372
v -1.271834 -0.684896 0.843750
v -1.085695 -0.712874 1.060736
v -1.089959 -0.684896 1.065000
v -0.865331 -0.712874 1.241883
v -0.611352 -0.712874 1.378210
v -0.613709 -0.684896 1.383750
v -0.329360 -0.712874 1.464114
v -1.490975 -0.739974 -0.000000
v -1.461654 -0.739974 0.298701
v -1.377359 -0.739974 0.575411
v -1.243585 -0.739974 0.824634
v -1.065830 -0.739974 1.040871
v -0.849593 -0.739974 1.218625
v -0.600370 -0.739974 1.352399
v -0.323660 -0.739974 1.436695
v -1.426082 -0.765316 -0.000000
v -1.398060 -0.765316 0.285479
v -1.317495 -0.765316 0.549941
v -1.189643 -0.765316 0.788132
v -1.019757 -0.765316 0.994797
v -0.813091 -0.765316 1.164684
v -0.574900 -0.765316 1.292536
v -0.310438 -0.765316 1.373101
v -1.309334 -0.788021 -0.000000
v -1.283647 -0.788021 0.261691
v -1.209795 -0.788021 0.504117
v -1.092596 -0.788021 0.722461
v -0.936865 -0.788021 0.911906
v -0.747420 -0.788021 1.067637
v -0.529076 -0.788021 1.184836
v -0.286651 -0.788021 1.258687
v -1.125789 -0.807210 -0.000000
v -1.103773 -0.807210 0.224294
v -1.040475 -0.807210 0.432076
v -0.940024 -0.807210 0.619217
v -0.806549 -0.807210 0.781589
v -0.644176 -0.807210 0.915065
v -0.457035 -0.807210 1.015516
v -0.249253 -0.807210 1.078813
v -0.860506 -0.822005 -0.000000
v -0.843795 -0.822005 0.170243
v -0.795751 -0.822005 0.327952
v -0.719507 -0.822005 0.469995
v -0.618197 -0.822005 0.593238
v -0.494954 -0.822005 0.694548
v -0.352911 -0.822005 0.770792
v -0.195202 -0.822005 0.818836
v -0.498543 -0.831527 -0.000000
v -0.489071 -0.831527 0.096493
v -0.461840 -0.831527 0.185882
v -0.418626 -0.831527 0.266391
v -0.361204 -0.831527 0.336245
v -0.291350 -0.831527 0.393667
v -0.210841 -0.831527 0.436881
v -0.121452 -0.831527 0.464112
v -0.024959 -0.712874 -1.493994
v -0.329360 -0.712874 -1.464114
v -0.611352 -0.712874 -1.378210
v -0.613709 -0.684896 -1.383750
v -0.865331 -0.712874 -1.241883
v -1.085695 -0.712874 -1.060736
v -1.089959 -0.684896 -1.065000
v -1.266842 -0.712874 -0.840372
v -1.403169 -0.712874 -0.586393
v -1.489073 -0.712874 -0.304401
v -0.024959 -0.739974 -1.466016
v -0.323660 -0.739974 -1.436695
v -0.600370 -0.739974 -1.352399
v -0.849593 -0.739974 -1.218625
v -1.065830 -0.739974 -1.040871
v -1.243585 -0.739974 -0.824634
v -1.377359 -0.739974 -0.575411
v -1.461654 -0.739974 -0.298701
v -0.024959 -0.765316 -1.401123
v -0.310438 -0.765316 -1.373101
v -0.574900 -0.765316 -1.292536
v -0.813091 -0.765316 -1.164684
v -1.019757 -0.765316 -0.994797
v -1.189643 -0.765316 -0.788132
v -1.317495 -0.765316 -0.549941
v -1.398060 -0.765316 -0.285479
v -0.024959 -0.788021 -1.284375
v -0.286651 -0.788021 -1.258688
v -0.529076 -0.788021 -1.184836
v -0.747420 -0.788021 -1.067637
v -0.936865 -0.788021 -0.911906
v -1.092596 -0.788021 -0.722461
v -1.209795 -0.788021 -0.504117
v -1.283647 -0.788021 -0.261691
v -0.024959 -0.807210 -1.100830
v -0.249253 -0.807210 -1.078813
v -0.457035 -0.807210 -1.015516
v -0.644176 -0.807210 -0.915065
v -0.806549 -0.807210 -0.781589
v -0.940024 -0.807210 -0.619217
v -1.040475 -0.807210 -0.432076
v -1.103773 -0.807210 -0.224294
v -0.024959 -0.822005 -0.835547
v -0.195202 -0.822005 -0.818836
v -0.352911 -0.822005 -0.770792
v -0.494954 -0.822005 -0.694548
v -0.618197 -0.822005 -0.593238
v -0.719507 -0.822005 -0.469995
v -0.795751 -0.822005 -0.327952
v -0.843795 -0.822005 -0.170243
v -0.024959 -0.831527 -0.473584
v -0.121452 -0.831527 -0.464112
v -0.210841 -0.831527 -0.436881
v -0.291350 -0.831527 -0.393667
v -0.361204 -0.831527 -0.336245
v -0.418626 -0.831527 -0.266391
v -0.461840 -0.831527 -0.185882
v -0.489071 -0.831527 -0.096493
v 1.439155 -0.712874 -0.304401
v 1.353250 -0.712874 -0.586393
v 1.358791 -0.684896 -0.588750
v 1.216923 -0.712874 -0.840372
v 1.035777 -0.712874 -1.060736
v 0.815413 -0.712874 -1.241883
v 0.818791 -0.684896 -1.246875
v 0.561434 -0.712874 -1.378210
v 0.279442 -0.712874 -1.464114
v 0.280666 -0.684896 -1.470000
v 1.411736 -0.739974 -0.298701
v 1.327440 -0.739974 -0.575411
v 1.193666 -0.739974 -0.824634
v 1.015912 -0.739974 -1.040871
v 0.799675 -0.739974 -1.218625
v 0.550452 -0.739974 -1.352399
v 0.273742 -0.739974 -1.436695
v 1.348141 -0.765316 -0.285479
v 1.267577 -0.765316 -0.549941
v 1.139724 -0.765316 -0.788132
v 0.969838 -0.765316 -0.994797
v 0.763173 -0.765316 -1.164684
v 0.524982 -0.765316 -1.292536
v 0.260520 -0.765316 -1.373101
v 1.233728 -0.788021 -0.261691
v 1.159877 -0.788021 -0.504117
v 1.042678 -0.788021 -0.722461
v 0.886947 -0.788021 -0.911906
v 0.697502 -0.788021 -1.067637
v 0.479158 -0.788021 -1.184836
v 0.236732 -0.788021 -1.258687
v 1.053854 -0.807210 -0.224294
v 0.990557 -0.807210 -0.432076
v 0.890106 -0.807210 -0.619217
v 0.756630 -0.807210 -0.781589
v 0.594258 -0.807210 -0.915065
v 0.407117 -0.807210 -1.015516
v 0.199335 -0.807210 -1.078813
v 0.793877 -0.822005 -0.170243
v 0.745833 -0.822005 -0.327952
v 0.669589 -0.822005 -0.469995
v 0.568279 -0.822005 -0.593238
v 0.445036 -0.822005 -0.694548
v 0.302993 -0.822005 -0.770792
v 0.145284 -0.822005 -0.818836
v 0.439153 -0.831527 -0.096493
v 0.411922 -0.831527 -0.185882
v 0.368708 -0.831527 -0.266391
v 0.311285 -0.831527 -0.336245
v 0.241432 -0.831527 -0.393667
v 0.160923 -0.831527 -0.436881
v 0.071534 -0.831527 -0.464112
vn 0.000000 0.429934 -0.902861
vn 0.000000 0.572589 -0.819843
vn 0.160736 0.572946 -0.803678
vn 0.177035 0.430259 -0.885176
vn 0.315066 0.573550 -0.756158
vn 0.347093 0.430809 -0.833024
vn 0.456064 0.574001 -0.680095
vn 0.502509 0.431220 -0.749355
vn 0.578939 0.574160 -0.578939
vn 0.637936 0.431366 -0.637936
vn 0.680095 0.574001 -0.456064
vn 0.749355 0.431220 -0.502509
vn 0.756158 0.573550 -0.315066
vn 0.833024 0.430809 -0.347093
vn 0.803678 0.572946 -0.160736
vn 0.885176 0.430259 -0.177035
vn 0.819843 0.572589 0.000000
vn 0.902861 0.429934 0.000000
vn 0.000000 0.723356 -0.690476
vn 0.135348 0.723675 -0.676739
vn 0.265220 0.724216 -0.636529
vn 0.383824 0.724620 -0.572369
vn 0.487196 0.724762 -0.487196
vn 0.572369 0.724620 -0.383824
vn 0.636529 0.724216 -0.265220
vn 0.676739 0.723675 -0.135348
vn 0.690476 0.723356 0.000000
vn 0.000000 0.885398 -0.464834
vn 0.091095 0.885575 -0.455476
vn 0.178432 0.885875 -0.428238
vn 0.258146 0.886098 -0.384955
vn 0.327636 0.886177 -0.327636
vn 0.384955 0.886098 -0.258146
vn 0.428238 0.885875 -0.178432
vn 0.455476 0.885575 -0.091095
vn 0.464834 0.885398 0.000000
vn 0.000000 1.000000 -0.000000
vn 0.000000 1.000000 -0.000000
vn 0.000000 1.000000 -0.000000
vn -0.000000 1.000000 0.000000
vn -0.000000 1.000000 0.000000
vn 0.000000 1.000000 -0.000000
vn -0.000000 1.000000 0.000000
vn -0.000000 1.000000 0.000000
vn 0.000000 1.000000 0.000000
vn 0.000000 0.689655 0.724138
vn -0.141952 0.689990 0.709762
vn -0.278184 0.690558 0.667641
vn -0.402606 0.690981 0.600378
vn -0.511047 0.691131 0.511047
vn -0.600378 0.690981 0.402606
vn -0.667641 0.690558 0.278184
vn -0.709762 0.689990 0.141952
vn -0.724138 0.689655 0.000000
vn 0.000000 0.094809 0.995495
vn -0.195231 0.094896 0.976155
vn -0.382874 0.095044 0.918898
vn -0.554426 0.095154 0.826775
vn -0.703896 0.095194 0.703896
vn -0.826775 0.095154 0.554426
vn -0.918898 0.095044 0.382874
vn -0.976155 0.094896 0.195231
vn -0.995495 0.094809 0.000000
vn 0.000000 -0.246154 0.969231
vn -0.190071 -0.246368 0.950356
vn -0.372725 -0.246732 0.894539
vn -0.539696 -0.247004 0.804809
vn -0.685179 -0.247100 0.685179
vn -0.804809 -0.247004 0.539696
vn -0.894539 -0.246732 0.372725
vn -0.950356 -0.246368 0.190071
vn -0.969231 -0.246154 0.000000
vn 0.000000 -0.429934 0.902861
vn -0.177035 -0.430259 0.885176
vn -0.347093 -0.430809 0.833024
vn -0.502509 -0.431220 0.749355
vn -0.637936 -0.431366 0.637936
vn -0.749355 -0.431220 0.502509
vn -0.833024 -0.430809 0.347093
vn -0.885176 -0.430259 0.177035
vn -0.902861 -0.429934 0.000000
vn -0.902861 0.429934 0.000000
vn -0.819843 0.572589 0.000000
vn -0.803678 0.572946 -0.160736
vn -0.885176 0.430259 -0.177035
vn -0.756158 0.573550 -0.315066
vn -0.833024 0.430809 -0.347093
vn -0.680095 0.574001 -0.456064
vn -0.749355 0.431220 -0.502509
vn -0.578939 0.574160 -0.578939
vn -0.637936 0.431366 -0.637936
vn -0.456064 0.574001 -0.680095
vn -0.502509 0.431220 -0.749355
vn -0.315066 0.573550 -0.756158
vn -0.347093 0.430809 -0.833024
vn -0.160736 0.572946 -0.803678
vn -0.177035 0.430259 -0.885176
vn -0.690476 0.723356 0.000000
vn -0.676739 0.723675 -0.135348
vn -0.636529 0.724216 -0.265220
vn -0.572369 0.724620 -0.383824
vn -0.487196 0.724762 -0.487196
vn -0.383824 0.724620 -0.572369
vn -0.265220 0.724216 -0.636529
vn -0.135348 0.723675 -0.676739
vn -0.464834 0.885398 0.000000
vn -0.455476 0.885575 -0.091095
vn -0.428238 0.885875 -0.178432
vn -0.384955 0.886098 -0.258146
vn -0.327636 0.886177 -0.327636
vn -0.258146 0.886098 -0.384955
vn -0.178432 0.885875 -0.428238
vn -0.091095 0.885575 -0.455476
vn -0.000000 1.000000 0.000000
vn -0.000000 1.000000 -0.000000
vn -0.000000 1.000000 -0.000000
vn 0.000000 1.000000 0.000000
vn 0.000000 1.000000 0.000000
vn -0.000000 1.000000 -0.000000
vn 0.000000 1.000000 0.000000
vn 0.000000 1.000000 0.000000
vn 0.724138 0.689655 0.000000
vn 0.709762 0.689990 0.141952
vn 0.667641 0.690558 0.278184
vn 0.600378 0.690981 0.402606
vn 0.511047 0.691131 0.511047
vn 0.402606 0.690981 0.600378
vn 0.278184 0.690558 0.667641
vn 0.141952 0.689990 0.709762
vn 0.995495 0.094809 0.000000
vn 0.976155 0.094896 0.195231
vn 0.918898 0.095044 0.382874
vn 0.826775 0.095154 0.554426
vn 0.703896 0.095194 0.703896
vn 0.554426 0.095154 0.826775
vn 0.382874 0.095044 0.918898
vn 0.195231 0.094896 0.976155
vn 0.969231 -0.246154 0.000000
vn 0.950356 -0.246368 0.190071
vn 0.894539 -0.246732 0.372725
vn 0.804809 -0.247004 0.539696
vn 0.685179 -0.247100 0.685179
vn 0.539696 -0.247004 0.804809
vn 0.372725 -0.246732 0.894539
vn 0.190071 -0.246368 0.950356
vn 0.902861 -0.429934 0.000000
vn 0.885176 -0.430259 0.177035
vn 0.833024 -0.430809 0.347093
vn 0.749355 -0.431220 0.502509
vn 0.637936 -0.431366 0.637936
vn 0.502509 -0.431220 0.749355
vn 0.347093 -0.430809 0.833024
vn 0.177035 -0.430259 0.885176
vn 0.000000 0.429934 0.902861
vn 0.000000 0.572589 0.819843
vn -0.160736 0.572946 0.803678
vn -0.177035 0.430259 0.885176
vn -0.315066 0.573550 0.756158
vn -0.347093 0.430809 0.833024
vn -0.456064 0.574001 0.680095
vn -0.502509 0.431220 0.749355
vn -0.578939 0.574160 0.578939
vn -0.637936 0.431366 0.637936
vn -0.680095 0.574001 0.456064
vn -0.749355 0.431220 0.502509
vn -0.756158 0.573550 0.315066
vn -0.833024 0.430809 0.347093
vn -0.803678 0.572946 0.160736
vn -0.885176 0.430259 0.177035
vn 0.000000 0.723356 0.690476
vn -0.135348 0.723675 0.676739
vn -0.265220 0.724216 0.636529
vn -0.383824 0.724620 0.572369
vn -0.487196 0.724762 0.487196
vn -0.572369 0.724620 0.383824
vn -0.636529 0.724216 0.265220
vn -0.676739 0.723675 0.135348
vn 0.000000 0.885398 0.464834
vn -0.091095 0.885575 0.455476
vn -0.178432 0.885875 0.428238
vn -0.258146 0.886098 0.384955
vn -0.327636 0.886177 0.327636
vn -0.384955 0.886098 0.258146
vn -0.428238 0.885875 0.178432
vn -0.455476 0.885575 0.091095
vn 0.000000 1.000000 0.000000
vn -0.000000 1.000000 0.000000
vn -0.000000 1.000000 0.000000
vn 0.000000 1.000000 -0.000000
vn 0.000000 1.000000 -0.000000
vn -0.000000 1.000000 0.000000
vn 0.000000 1.000000 -0.000000
vn 0.000000 1.000000 -0.000000
vn 0.000000 0.689655 -0.724138
vn 0.141952 0.689990 -0.709762
vn 0.278184 0.690558 -0.667641
vn 0.402606 0.690981 -0.600378
vn 0.511047 0.691131 -0.511047
vn 0.600378 0.690981 -0.402606
vn 0.667641 0.690558 -0.278184
vn 0.709762 0.689990 -0.141952
vn 0.000000 0.094809 -0.995495
vn 0.195231 0.094896 -0.976155
vn 0.382874 0.095044 -0.918898
vn 0.554426 0.095154 -0.826775
vn 0.703896 0.095194 -0.703896
vn 0.826775 0.095154 -0.554426
vn 0.918898 0.095044 -0.382874
vn 0.976155 0.094896 -0.195231
vn 0.000000 -0.246154 -0.969231
vn 0.190071 -0.246368 -0.950356
vn 0.372725 -0.246732 -0.894539
vn 0.539696 -0.247004 -0.804809
vn 0.685179 -0.247100 -0.685179
vn 0.804809 -0.247004 -0.539696
vn 0.894539 -0.246732 -0.372725
vn 0.950356 -0.246368 -0.190071
vn 0.000000 -0.429934 -0.902861
vn 0.177035 -0.430259 -0.885176
vn 0.347093 -0.430809 -0.833024
vn 0.502509 -0.431220 -0.749355
vn 0.637936 -0.431366 -0.637936
vn 0.749355 -0.431220 -0.502509
vn 0.833024 -0.430809 -0.347093
vn 0.885176 -0.430259 -0.177035
vn 0.803678 0.572946 0.160736
vn 0.885176 0.430259 0.177035
vn 0.756158 0.573550 0.315066
vn 0.833024 0.430809 0.347093
vn 0.680095 0.574001 0.456064
vn 0.749355 0.431220 0.502509
vn 0.578939 0.574160 0.578939
vn 0.637936 0.431366 0.637936
vn 0.456064 0.574001 0.680095
vn 0.502509 0.431220 0.749355
vn 0.315066 0.573550 0.756158
vn 0.347093 0.430809 0.833024
vn 0.160736 0.572946 0.803678
vn 0.177035 0.430259 0.885176
vn 0.676739 0.723675 0.135348
vn 0.636529 0.724216 0.265220
vn 0.572369 0.724620 0.383824
vn 0.487196 0.724762 0.487196
vn 0.383824 0.724620 0.572369
vn 0.265220 0.724216 0.636529
vn 0.135348 0.723675 0.676739
vn 0.455476 0.885575 0.091095
vn 0.428238 0.885875 0.178432
vn 0.384955 0.886098 0.258146
vn 0.327636 0.886177 0.327636
vn 0.258146 0.886098 0.384955
vn 0.178432 0.885875 0.428238
vn 0.091095 0.885575 0.455476
vn 0.000000 1.000000 0.000000
vn 0.000000 1.000000 0.000000
vn -0.000000 1.000000 -0.000000
vn -0.000000 1.000000 -0.000000
vn 0.000000 1.000000 0.000000
vn -0.000000 1.000000 -0.000000
vn -0.000000 1.000000 -0.000000
vn -0.709762 0.689990 -0.141952
vn -0.667641 0.690558 -0.278184
vn -0.600378 0.690981 -0.402606
vn -0.511047 0.691131 -0.511047
vn -0.402606 0.690981 -0.600378
vn -0.278184 0.690558 -0.667641
vn -0.141952 0.689990 -0.709762
vn -0.976155 0.094896 -0.195231
vn -0.918898 0.095044 -0.382874
vn -0.826775 0.095154 -0.554426
vn -0.703896 0.095194 -0.703896
vn -0.554426 0.095154 -0.826775
vn -0.382874 0.095044 -0.918898
vn -0.195231 0.094896 -0.976155
vn -0.950356 -0.246368 -0.190071
vn -0.894539 -0.246732 -0.372725
vn -0.804809 -0.247004 -0.539696
vn -0.685179 -0.247100 -0.685179
vn -0.539696 -0.247004 -0.804809
vn -0.372725 -0.246732 -0.894539
vn -0.190071 -0.246368 -0.950356
vn -0.885176 -0.430259 -0.177035
vn -0.833024 -0.430809 -0.347093
vn -0.749355 -0.431220 -0.502509
vn -0.637936 -0.431366 -0.637936
vn -0.502509 -0.431220 -0.749355
vn -0.347093 -0.430809 -0.833024
vn -0.177035 -0.430259 -0.885176
vn 0.000000 0.000000 -1.000000
vn 0.000000 0.124341 -0.992240
vn 0.194591 0.124454 -0.972957
vn 0.196116 0.000000 -0.980581
vn 0.381616 0.124647 -0.915878
vn 0.384615 0.000000 -0.923077
vn 0.552599 0.124791 -0.824052
vn 0.556953 0.000000 -0.830544
vn 0.701575 0.124842 -0.701575
vn 0.707107 0.000000 -0.707107
vn 0.824052 0.124791 -0.552599
vn 0.830544 0.000000 -0.556953
vn 0.915878 0.124647 -0.381616
vn 0.923077 -0.000000 -0.384615
vn 0.972957 0.124454 -0.194591
vn 0.980581 -0.000000 -0.196116
vn 0.992240 0.124341 0.000000
vn 1.000000 0.000000 0.000000
vn 0.000000 0.220939 -0.975288
vn 0.191261 0.221134 -0.956305
vn 0.375065 0.221464 -0.900156
vn 0.543092 0.221711 -0.809874
vn 0.689495 0.221799 -0.689495
vn 0.809874 0.221711 -0.543092
vn 0.900156 0.221464 -0.375065
vn 0.956305 0.221134 -0.191261
vn 0.975288 0.220939 0.000000
vn 0.000000 0.293768 -0.955877
vn 0.187448 0.294017 -0.937239
vn 0.367565 0.294439 -0.882157
vn 0.532209 0.294754 -0.793645
vn 0.675668 0.294866 -0.675668
vn 0.793645 0.294754 -0.532209
vn 0.882157 0.294439 -0.367565
vn 0.937239 0.294017 -0.187448
vn 0.955877 0.293768 0.000000
vn 0.000000 0.347314 -0.937749
vn 0.183887 0.347598 -0.919435
vn 0.360564 0.348078 -0.865353
vn 0.522050 0.348436 -0.778496
vn 0.662761 0.348563 -0.662761
vn 0.778496 0.348436 -0.522050
vn 0.865353 0.348078 -0.360564
vn 0.919435 0.347598 -0.183887
vn 0.937749 0.347314 0.000000
vn 0.000000 0.385362 -0.922766
vn 0.180944 0.385666 -0.904721
vn 0.354778 0.386181 -0.851467
vn 0.513656 0.386567 -0.765979
vn 0.652097 0.386703 -0.652097
vn 0.765979 0.386567 -0.513656
vn 0.851467 0.386181 -0.354778
vn 0.904721 0.385666 -0.180944
vn 0.922766 0.385362 0.000000
vn 0.000000 0.410706 -0.911768
vn 0.178784 0.411023 -0.893922
vn 0.350532 0.411559 -0.841277
vn 0.507497 0.411960 -0.756793
vn 0.644272 0.412102 -0.644272
vn 0.756793 0.411960 -0.507497
vn 0.841277 0.411559 -0.350532
vn 0.893922 0.411023 -0.178784
vn 0.911768 0.410706 0.000000
vn 0.000000 0.425212 -0.905094
vn 0.177474 0.425535 -0.887369
vn 0.347956 0.426082 -0.835093
vn 0.503759 0.426491 -0.751220
vn 0.639524 0.426636 -0.639524
vn 0.751220 0.426491 -0.503759
vn 0.835093 0.426082 -0.347956
vn 0.887369 0.425535 -0.177474
vn 0.905094 0.425212 0.000000
vn -1.000000 0.000000 0.000000
vn -0.992240 0.124341 0.000000
vn -0.972957 0.124454 -0.194591
vn -0.980581 -0.000000 -0.196116
vn -0.915878 0.124647 -0.381616
vn -0.923077 -0.000000 -0.384615
vn -0.824052 0.124791 -0.552599
vn -0.830544 0.000000 -0.556953
vn -0.701575 0.124842 -0.701575
vn -0.707107 0.000000 -0.707107
vn -0.552599 0.124791 -0.824052
vn -0.556953 0.000000 -0.830544
vn -0.381616 0.124647 -0.915878
vn -0.384615 -0.000000 -0.923077
vn -0.194591 0.124454 -0.972957
vn -0.196116 0.000000 -0.980581
vn -0.975288 0.220939 0.000000
vn -0.956305 0.221134 -0.191261
vn -0.900156 0.221464 -0.375065
vn -0.809874 0.221711 -0.543092
vn -0.689495 0.221799 -0.689495
vn -0.543092 0.221711 -0.809874
vn -0.375065 0.221464 -0.900156
vn -0.191261 0.221134 -0.956305
vn -0.955877 0.293768 0.000000
vn -0.937239 0.294017 -0.187448
vn -0.882157 0.294439 -0.367565
vn -0.793645 0.294754 -0.532209
vn -0.675668 0.294866 -0.675668
vn -0.532209 0.294754 -0.793645
vn -0.367565 0.294439 -0.882157
vn -0.187448 0.294017 -0.937239
vn -0.937749 0.347314 0.000000
vn -0.919435 0.347598 -0.183887
vn -0.865353 0.348078 -0.360564
vn -0.778496 0.348436 -0.522050
vn -0.662761 0.348563 -0.662761
vn -0.522050 0.348436 -0.778496
vn -0.360564 0.348078 -0.865353
vn -0.183887 0.347598 -0.919435
vn -0.922766 0.385362 0.000000
vn -0.904721 0.385666 -0.180944
vn -0.851467 0.386181 -0.354778
vn -0.765979 0.386567 -0.513656
vn -0.652097 0.386703 -0.652097
vn -0.513656 0.386567 -0.765979
vn -0.354778 0.386181 -0.851467
vn -0.180944 0.385666 -0.904721
vn -0.911768 0.410706 0.000000
vn -0.893922 0.411023 -0.178784
vn -0.841277 0.411559 -0.350532
vn -0.756793 0.411960 -0.507497
vn -0.644272 0.412102 -0.644272
vn -0.507497 0.411960 -0.756793
vn -0.350532 0.411559 -0.841277
vn -0.178784 0.411023 -0.893922
vn -0.905094 0.425212 0.000000
vn -0.887369 0.425535 -0.177474
vn -0.835093 0.426082 -0.347956
vn -0.751220 0.426491 -0.503759
vn -0.639524 0.426636 -0.639524
vn -0.503759 0.426491 -0.751220
vn -0.347956 0.426082 -0.835093
vn -0.177474 0.425535 -0.887369
vn 0.000000 0.000000 1.000000
vn 0.000000 0.124341 0.992240
vn -0.194591 0.124454 0.972957
vn -0.196116 -0.000000 0.980581
vn -0.381616 0.124647 0.915878
vn -0.384615 0.000000 0.923077
vn -0.552599 0.124791 0.824052
vn -0.556953 0.000000 0.830544
vn -0.701575 0.124842 0.701575
vn -0.707107 0.000000 0.707107
vn -0.824052 0.124791 0.552599
vn -0.830544 -0.000000 0.556953
vn -0.915878 0.124647 0.381616
vn -0.923077 -0.000000 0.384615
vn -0.972957 0.124454 0.194591
vn -0.980581 0.000000 0.196116
vn 0.000000 0.220939 0.975288
vn -0.191261 0.221134 0.956305
vn -0.375065 0.221464 0.900156
vn -0.543092 0.221711 0.809874
vn -0.689495 0.221799 0.689495
vn -0.809874 0.221711 0.543092
vn -0.900156 0.221464 0.375065
vn -0.956305 0.221134 0.191261
vn 0.000000 0.293768 0.955877
vn -0.187448 0.294017 0.937239
vn -0.367565 0.294439 0.882157
vn -0.532209 0.294754 0.793645
vn -0.675668 0.294866 0.675668
vn -0.793645 0.294754 0.532209
vn -0.882157 0.294439 0.367565
vn -0.937239 0.294017 0.187448
vn 0.000000 0.347314 0.937749
vn -0.183887 0.347598 0.919435
vn -0.360564 0.348078 0.865353
vn -0.522050 0.348436 0.778496
vn -0.662761 0.348563 0.662761
vn -0.778496 0.348436 0.522050
vn -0.865353 0.348078 0.360564
vn -0.919435 0.347598 0.183887
vn 0.000000 0.385362 0.922766
vn -0.180944 0.385666 0.904721
vn -0.354778 0.386181 0.851467
vn -0.513656 0.386567 0.765979
vn -0.652097 0.386703 0.652097
vn -0.765979 0.386567 0.513656
vn -0.851467 0.386181 0.354778
vn -0.904721 0.385666 0.180944
vn 0.000000 0.410706 0.911768
vn -0.178784 0.411023 0.893922
vn -0.350532 0.411559 0.841277
vn -0.507497 0.411960 0.756793
vn -0.644272 0.412102 0.644272
vn -0.756793 0.411960 0.507497
vn -0.841277 0.411559 0.350532
vn -0.893922 0.411023 0.178784
vn 0.000000 0.425212 0.905094
vn -0.177474 0.425535 0.887369
vn -0.347956 0.426082 0.835093
vn -0.503759 0.426491 0.751220
vn -0.639524 0.426636 0.639524
vn -0.751220 0.426491 0.503759
vn -0.835093 0.426082 0.347956
vn -0.887369 0.425535 0.177474
vn 0.972957 0.124454 0.194591
vn 0.980581 0.000000 0.196116
vn 0.915878 0.124647 0.381616
vn 0.923077 -0.000000 0.384615
vn 0.824052 0.124791 0.552599
vn 0.830544 -0.000000 0.556953
vn 0.701575 0.124842 0.701575
vn 0.707107 0.000000 0.707107
vn 0.552599 0.124791 0.824052
vn 0.556953 0.000000 0.830544
vn 0.381616 0.124647 0.915878
vn 0.384615 -0.000000 0.923077
vn 0.194591 0.124454 0.972957
vn 0.196116 0.000000 0.980581
vn 0.956305 0.221134 0.191261
vn 0.900156 0.221464 0.375065
vn 0.809874 0.221711 0.543092
vn 0.689495 0.221799 0.689495
vn 0.543092 0.221711 0.809874
vn 0.375065 0.221464 0.900156
vn 0.191261 0.221134 0.956305
vn 0.937239 0.294017 0.187448
vn 0.882157 0.294439 0.367565
vn 0.793645 0.294754 0.532209
vn 0.675668 0.294866 0.675668
vn 0.532209 0.294754 0.793645
vn 0.367565 0.294439 0.882157
vn 0.187448 0.294017 0.937239
vn 0.919435 0.347598 0.183887
vn 0.865353 0.348078 0.360564
vn 0.778496 0.348436 0.522050
vn 0.662761 0.348563 0.662761
vn 0.522050 0.348436 0.778496
vn 0.360564 0.348078 0.865353
vn 0.183887 0.347598 0.919435
vn 0.904721 0.385666 0.180944
vn 0.851467 0.386181 0.354778
vn 0.765979 0.386567 0.513656
vn 0.652097 0.386703 0.652097
vn 0.513656 0.386567 0.765979
vn 0.354778 0.386181 0.851467
vn 0.180944 0.385666 0.904721
vn 0.893922 0.411023 0.178784
vn 0.841277 0.411559 0.350532
vn 0.756793 0.411960 0.507497
vn 0.644272 0.412102 0.644272
vn 0.507497 0.411960 0.756793
vn 0.350532 0.411559 0.841277
vn 0.178784 0.411023 0.893922
vn 0.887369 0.425535 0.177474
vn 0.835093 0.426082 0.347956
vn 0.751220 0.426491 0.503759
vn 0.639524 0.426636 0.639524
vn 0.503759 0.426491 0.751220
vn 0.347956 0.426082 0.835093
vn 0.177474 0.425535 0.887369
vn 0.000000 0.000000 -1.000000
vn 0.000000 -0.693356 -0.720595
vn 0.141257 -0.693690 -0.706287
vn 0.196116 -0.000000 -0.980581
vn 0.276819 -0.694255 -0.664366
vn 0.384615 0.000000 -0.923077
vn 0.400629 -0.694676 -0.597429
vn 0.556953 -0.000000 -0.830544
vn 0.508536 -0.694825 -0.508536
vn 0.707107 -0.000000 -0.707107
vn 0.597429 -0.694676 -0.400629
vn 0.830544 -0.000000 -0.556953
vn 0.664366 -0.694255 -0.276819
vn 0.923077 -0.000000 -0.384615
vn 0.706287 -0.693690 -0.141257
vn 0.980581 -0.000000 -0.196116
vn 0.720595 -0.693356 0.000000
vn 1.000000 0.000000 0.000000
vn 0.000000 -0.771373 -0.636383
vn 0.124736 -0.771663 -0.623680
vn 0.244399 -0.772153 -0.586557
vn 0.353661 -0.772518 -0.527390
vn 0.448897 -0.772647 -0.448897
vn 0.527390 -0.772518 -0.353661
vn 0.586557 -0.772153 -0.244399
vn 0.623680 -0.771663 -0.124736
vn 0.636383 -0.771373 0.000000
vn 0.000000 -0.763821 -0.645428
vn 0.126510 -0.764116 -0.632552
vn 0.247880 -0.764614 -0.594912
vn 0.358704 -0.764987 -0.534909
vn 0.455299 -0.765118 -0.455299
vn 0.534909 -0.764987 -0.358704
vn 0.594912 -0.764614 -0.247880
vn 0.632552 -0.764116 -0.126510
vn 0.645428 -0.763821 0.000000
vn 0.000000 -0.716000 -0.698100
vn 0.136844 -0.716324 -0.684218
vn 0.268156 -0.716871 -0.643575
vn 0.388077 -0.717279 -0.578711
vn 0.492597 -0.717423 -0.492597
vn 0.578711 -0.717279 -0.388077
vn 0.643575 -0.716871 -0.268156
vn 0.684218 -0.716324 -0.136844
vn 0.698100 -0.716000 0.000000
vn 0.000000 -0.626221 -0.779645
vn 0.152845 -0.626574 -0.764227
vn 0.299570 -0.627171 -0.718967
vn 0.433600 -0.627617 -0.646597
vn 0.550408 -0.627775 -0.550408
vn 0.646597 -0.627617 -0.433600
vn 0.718967 -0.627171 -0.299570
vn 0.764227 -0.626574 -0.152845
vn 0.779645 -0.626221 0.000000
vn 0.000000 -0.480535 -0.876976
vn 0.171952 -0.480877 -0.859761
vn 0.337104 -0.481458 -0.809049
vn 0.488019 -0.481891 -0.727748
vn 0.619529 -0.482045 -0.619529
vn 0.727748 -0.481891 -0.488019
vn 0.809049 -0.481458 -0.337104
vn 0.859761 -0.480877 -0.171952
vn 0.876976 -0.480535 0.000000
vn 0.000000 -0.266906 -0.963722
vn 0.188989 -0.267136 -0.944945
vn 0.370596 -0.267526 -0.889431
vn 0.536607 -0.267817 -0.800204
vn 0.681256 -0.267920 -0.681256
vn 0.800204 -0.267817 -0.536607
vn 0.889431 -0.267526 -0.370596
vn 0.944945 -0.267136 -0.188989
vn 0.963722 -0.266906 0.000000
vn -1.000000 0.000000 0.000000
vn -0.720595 -0.693356 0.000000
vn -0.706287 -0.693690 -0.141257
vn -0.980581 -0.000000 -0.196116
vn -0.664366 -0.694255 -0.276819
vn -0.923077 0.000000 -0.384615
vn -0.597429 -0.694676 -0.400629
vn -0.830544 0.000000 -0.556953
vn -0.508536 -0.694825 -0.508536
vn -0.707107 0.000000 -0.707107
vn -0.400629 -0.694676 -0.597429
vn -0.556953 -0.000000 -0.830544
vn -0.276819 -0.694255 -0.664366
vn -0.384615 -0.000000 -0.923077
vn -0.141257 -0.693690 -0.706287
vn -0.196116 -0.000000 -0.980581
vn -0.636383 -0.771373 0.000000
vn -0.623680 -0.771663 -0.124736
vn -0.586557 -0.772153 -0.244399
vn -0.527390 -0.772518 -0.353661
vn -0.448897 -0.772647 -0.448897
vn -0.353661 -0.772518 -0.527390
vn -0.244399 -0.772153 -0.586557
vn -0.124736 -0.771663 -0.623680
vn -0.645428 -0.763821 0.000000
vn -0.632552 -0.764116 -0.126510
vn -0.594912 -0.764614 -0.247880
vn -0.534909 -0.764987 -0.358704
vn -0.455299 -0.765118 -0.455299
vn -0.358704 -0.764987 -0.534909
vn -0.247880 -0.764614 -0.594912
vn -0.126510 -0.764116 -0.632552
vn -0.698100 -0.716000 0.000000
vn -0.684218 -0.716324 -0.136844
vn -0.643575 -0.716871 -0.268156
vn -0.578711 -0.717279 -0.388077
vn -0.492597 -0.717423 -0.492597
vn -0.388077 -0.717279 -0.578711
vn -0.268156 -0.716871 -0.643575
vn -0.136844 -0.716324 -0.684218
vn -0.779645 -0.626221 0.000000
vn -0.764227 -0.626574 -0.152845
vn -0.718967 -0.627171 -0.299570
vn -0.646597 -0.627617 -0.433600
vn -0.550408 -0.627775 -0.550408
vn -0.433600 -0.627617 -0.646597
vn -0.299570 -0.627171 -0.718967
vn -0.152845 -0.626574 -0.764227
vn -0.876976 -0.480535 0.000000
vn -0.859761 -0.480877 -0.171952
vn -0.809049 -0.481458 -0.337104
vn -0.727748 -0.481891 -0.488019
vn -0.619529 -0.482045 -0.619529
vn -0.488019 -0.481891 -0.727748
vn -0.337104 -0.481458 -0.809049
vn -0.171952 -0.480877 -0.859761
vn -0.963722 -0.266906 0.000000
vn -0.944945 -0.267136 -0.188989
vn -0.889431 -0.267526 -0.370596
vn -0.800204 -0.267817 -0.536607
vn -0.681256 -0.267920 -0.681256
vn -0.536607 -0.267817 -0.800204
vn -0.370596 -0.267526 -0.889431
vn -0.188989 -0.267136 -0.944945
vn 0.000000 0.000000 1.000000
vn 0.000000 -0.693356 0.720595
vn -0.141257 -0.693690 0.706287
vn -0.196116 0.000000 0.980581
vn -0.276819 -0.694255 0.664366
vn -0.384615 -0.000000 0.923077
vn -0.400629 -0.694676 0.597429
vn -0.556953 0.000000 0.830544
vn -0.508536 -0.694825 0.508536
vn -0.707107 0.000000 0.707107
vn -0.597429 -0.694676 0.400629
vn -0.830544 -0.000000 0.556953
vn -0.664366 -0.694255 0.276819
vn -0.923077 -0.000000 0.384615
vn -0.706287 -0.693690 0.141257
vn -0.980581 0.000000 0.196116
vn 0.000000 -0.771373 0.636383
vn -0.124736 -0.771663 0.623680
vn -0.244399 -0.772153 0.586557
vn -0.353661 -0.772518 0.527390
vn -0.448897 -0.772647 0.448897
vn -0.527390 -0.772518 0.353661
vn -0.586557 -0.772153 0.244399
vn -0.623680 -0.771663 0.124736
vn 0.000000 -0.763821 0.645428
vn -0.126510 -0.764116 0.632552
vn -0.247880 -0.764614 0.594912
vn -0.358704 -0.764987 0.534909
vn -0.455299 -0.765118 0.455299
vn -0.534909 -0.764987 0.358704
vn -0.594912 -0.764614 0.247880
vn -0.632552 -0.764116 0.126510
vn 0.000000 -0.716000 0.698100
vn -0.136844 -0.716324 0.684218
vn -0.268156 -0.716871 0.643575
vn -0.388077 -0.717279 0.578711
vn -0.492597 -0.717423 0.492597
vn -0.578711 -0.717279 0.388077
vn -0.643575 -0.716871 0.268156
vn -0.684218 -0.716324 0.136844
vn 0.000000 -0.626221 0.779645
vn -0.152845 -0.626574 0.764227
vn -0.299570 -0.627171 0.718967
vn -0.433600 -0.627617 0.646597
vn -0.550408 -0.627775 0.550408
vn -0.646597 -0.627617 0.433600
vn -0.718967 -0.627171 0.299570
vn -0.764227 -0.626574 0.152845
vn 0.000000 -0.480535 0.876976
vn -0.171952 -0.480877 0.859761
vn -0.337104 -0.481458 0.809049
vn -0.488019 -0.481891 0.727748
vn -0.619529 -0.482045 0.619529
vn -0.727748 -0.481891 0.488019
vn -0.809049 -0.481458 0.337104
vn -0.859761 -0.480877 0.171952
vn 0.000000 -0.266906 0.963722
vn -0.188989 -0.267136 0.944945
vn -0.370596 -0.267526 0.889431
vn -0.536607 -0.267817 0.800204
vn -0.681256 -0.267920 0.681256
vn -0.800204 -0.267817 0.536607
vn -0.889431 -0.267526 0.370596
vn -0.944945 -0.267136 0.188989
vn 0.706287 -0.693690 0.141257
vn 0.980581 0.000000 0.196116
vn 0.664366 -0.694255 0.276819
vn 0.923077 -0.000000 0.384615
vn 0.597429 -0.694676 0.400629
vn 0.830544 0.000000 0.556953
vn 0.508536 -0.694825 0.508536
vn 0.707107 0.000000 0.707107
vn 0.400629 -0.694676 0.597429
vn 0.556953 -0.000000 0.830544
vn 0.276819 -0.694255 0.664366
vn 0.384615 -0.000000 0.923077
vn 0.141257 -0.693690 0.706287
vn 0.196116 -0.000000 0.980581
vn 0.623680 -0.771663 0.124736
vn 0.586557 -0.772153 0.244399
vn 0.527390 -0.772518 0.353661
vn 0.448897 -0.772647 0.448897
vn 0.353661 -0.772518 0.527390
vn 0.244399 -0.772153 0.586557
vn 0.124736 -0.771663 0.623680
vn 0.632552 -0.764116 0.126510
vn 0.594912 -0.764614 0.247880
vn 0.534909 -0.764987 0.358704
vn 0.455299 -0.765118 0.455299
vn 0.358704 -0.764987 0.534909
vn 0.247880 -0.764614 0.594912
vn 0.126510 -0.764116 0.632552
vn 0.684218 -0.716324 0.136844
vn 0.643575 -0.716871 0.268156
vn 0.578711 -0.717279 0.388077
vn 0.492597 -0.717423 0.492597
vn 0.388077 -0.717279 0.578711
vn 0.268156 -0.716871 0.643575
vn 0.136844 -0.716324 0.684218
vn 0.764227 -0.626574 0.152845
vn 0.718967 -0.627171 0.299570
vn 0.646597 -0.627617 0.433600
vn 0.550408 -0.627775 0.550408
vn 0.433600 -0.627617 0.646597
vn 0.299570 -0.627171 0.718967
vn 0.152845 -0.626574 0.764227
vn 0.859761 -0.480877 0.171952
vn 0.809049 -0.481458 0.337104
vn 0.727748 -0.481891 0.488019
vn 0.619529 -0.482045 0.619529
vn 0.488019 -0.481891 0.727748
vn 0.337104 -0.481458 0.809049
vn 0.171952 -0.480877 0.859761
vn 0.944945 -0.267136 0.188989
vn 0.889431 -0.267526 0.370596
vn 0.800204 -0.267817 0.536607
vn 0.681256 -0.267920 0.681256
vn 0.536607 -0.267817 0.800204
vn 0.370596 -0.267526 0.889431
vn 0.188989 -0.267136 0.944945
vn -1.000000 0.000000 0.000000
vn -0.940042 0.341058 0.000000
vn -0.900490 0.330833 -0.282256
vn -0.960000 0.000000 -0.280000
vn -0.745699 0.283732 -0.602851
vn -0.800000 0.000000 -0.600000
vn -0.434909 0.174841 -0.883338
vn -0.470588 0.000000 -0.882353
vn -0.000000 -0.000000 -1.000000
vn 0.000000 0.000000 -1.000000
vn 0.427231 -0.201287 -0.881452
vn 0.470588 0.000000 -0.882353
vn 0.714311 -0.367903 -0.595322
vn 0.800000 -0.000000 -0.600000
vn 0.840939 -0.466081 -0.274935
vn 0.960000 -0.000000 -0.280000
vn 0.868243 -0.496139 0.000000
vn 1.000000 0.000000 0.000000
vn -0.711485 0.702701 0.000000
vn -0.680756 0.680471 -0.271166
vn -0.564287 0.583298 -0.584246
vn -0.331034 0.360742 -0.871942
vn 0.000000 -0.000000 -1.000000
vn 0.310948 -0.394822 -0.864538
vn 0.485844 -0.672432 -0.558383
vn 0.540740 -0.803596 -0.248664
vn 0.546885 -0.837207 0.000000
vn -0.424434 0.905459 0.000000
vn -0.407589 0.879546 -0.245501
vn -0.343858 0.766201 -0.542860
vn -0.208262 0.488129 -0.847560
vn 0.000000 -0.000000 -1.000000
vn 0.187980 -0.510352 -0.839169
vn 0.274589 -0.810212 -0.517840
vn 0.293834 -0.928823 -0.225719
vn 0.293811 -0.955864 0.000000
vn -0.219512 0.975610 0.000000
vn -0.211634 0.950923 -0.225736
vn -0.181468 0.840701 -0.510188
vn -0.113165 0.550215 -0.827319
vn -0.000000 -0.000000 -1.000000
vn 0.100071 -0.560239 -0.822264
vn 0.141188 -0.856453 -0.496542
vn 0.148853 -0.965097 -0.215478
vn 0.148340 -0.988936 0.000000
vn -0.100735 0.994913 0.000000
vn -0.097345 0.971464 -0.216292
vn -0.084209 0.865177 -0.494345
vn -0.053340 0.573847 -0.817224
vn -0.000000 -0.000000 -1.000000
vn 0.046877 -0.577183 -0.815268
vn 0.065389 -0.869669 -0.489285
vn 0.068733 -0.974727 -0.212562
vn 0.068483 -0.997652 0.000000
vn -0.037474 0.999298 0.000000
vn -0.036253 0.976299 -0.213368
vn -0.031478 0.871421 -0.489524
vn -0.020059 0.580154 -0.814260
vn 0.000000 0.000000 -1.000000
vn 0.017655 -0.580819 -0.813842
vn 0.024623 -0.872243 -0.488453
vn 0.025925 -0.976799 -0.212581
vn 0.025853 -0.999666 0.000000
vn -0.008035 0.999968 0.000000
vn -0.007778 0.976952 -0.213316
vn -0.006763 0.871941 -0.489565
vn -0.004318 0.580229 -0.814442
vn 0.000000 0.000000 -1.000000
vn 0.003820 -0.580235 -0.814440
vn 0.005348 -0.871953 -0.489560
vn 0.005648 -0.976968 -0.213313
vn 0.005639 -0.999984 0.000000
vn 0.000000 1.000000 0.000000
vn -0.000000 0.976900 -0.213697
vn 0.000000 0.871576 -0.490261
vn 0.000000 0.579524 -0.814955
vn 0.000000 -0.000000 -1.000000
vn 0.000000 -0.579524 -0.814955
vn -0.000000 -0.871576 -0.490261
vn 0.000000 -0.976900 -0.213697
vn 0.000000 -1.000000 0.000000
vn 0.840939 -0.466081 0.274935
vn 0.960000 -0.000000 0.280000
vn 0.714311 -0.367903 0.595322
vn 0.800000 0.000000 0.600000
vn 0.427231 -0.201287 0.881452
vn 0.470588 -0.000000 0.882353
vn -0.000000 -0.000000 1.000000
vn 0.000000 -0.000000 1.000000
vn -0.434909 0.174841 0.883338
vn -0.470588 -0.000000 0.882353
vn -0.745699 0.283732 0.602851
vn -0.800000 -0.000000 0.600000
vn -0.900490 0.330833 0.282256
vn -0.960000 0.000000 0.280000
vn 0.540740 -0.803596 0.248664
vn 0.485844 -0.672432 0.558383
vn 0.310948 -0.394822 0.864538
vn 0.000000 -0.000000 1.000000
vn -0.331034 0.360742 0.871942
vn -0.564287 0.583298 0.584246
vn -0.680756 0.680471 0.271166
vn 0.293834 -0.928823 0.225719
vn 0.274589 -0.810212 0.517840
vn 0.187980 -0.510352 0.839169
vn 0.000000 -0.000000 1.000000
vn -0.208262 0.488129 0.847560
vn -0.343858 0.766201 0.542860
vn -0.407589 0.879546 0.245501
vn 0.148853 -0.965097 0.215478
vn 0.141188 -0.856453 0.496542
vn 0.100071 -0.560239 0.822264
vn -0.000000 -0.000000 1.000000
vn -0.113165 0.550215 0.827319
vn -0.181468 0.840701 0.510188
vn -0.211634 0.950923 0.225736
vn 0.068733 -0.974727 0.212562
vn 0.065389 -0.869669 0.489285
vn 0.046877 -0.577183 0.815268
vn -0.000000 -0.000000 1.000000
vn -0.053340 0.573847 0.817224
vn -0.084209 0.865177 0.494345
vn -0.097345 0.971464 0.216292
vn 0.025925 -0.976799 0.212581
vn 0.024623 -0.872243 0.488453
vn 0.017655 -0.580819 0.813842
vn 0.000000 0.000000 1.000000
vn -0.020059 0.580154 0.814260
vn -0.031478 0.871421 0.489524
vn -0.036253 0.976299 0.213368
vn 0.005648 -0.976968 0.213313
vn 0.005348 -0.871953 0.489560
vn 0.003820 -0.580235 0.814440
vn 0.000000 0.000000 1.000000
vn -0.004318 0.580229 0.814442
vn -0.006763 0.871941 0.489565
vn -0.007778 0.976952 0.213316
vn -0.000000 -0.976900 0.213697
vn -0.000000 -0.871576 0.490261
vn 0.000000 -0.579524 0.814955
vn -0.000000 -0.000000 1.000000
vn -0.000000 0.579524 0.814955
vn -0.000000 0.871576 0.490261
vn 0.000000 0.976900 0.213697
vn -0.410365 -0.911922 0.000000
vn -0.479572 -0.877503 0.000000
vn -0.470202 -0.856044 -0.214705
vn -0.400263 -0.889473 -0.220515
vn -0.423945 -0.761196 -0.490766
vn -0.354770 -0.788378 -0.502591
vn -0.287396 -0.505140 -0.813780
vn -0.232611 -0.516912 -0.823829
vn 0.000000 0.000000 -1.000000
vn 0.000000 0.000000 -1.000000
vn 0.303342 0.503069 -0.809262
vn 0.232611 0.516912 -0.823829
vn 0.463364 0.745396 -0.479249
vn 0.354770 0.788378 -0.502591
vn 0.525519 0.825404 -0.206246
vn 0.400263 0.889473 -0.220515
vn 0.540758 0.841178 0.000000
vn 0.410365 0.911922 0.000000
vn -0.558748 -0.829337 0.000000
vn -0.547802 -0.806539 -0.222278
vn -0.492524 -0.709202 -0.504433
vn -0.330887 -0.460563 -0.823648
vn 0.000000 0.000000 -1.000000
vn 0.354718 0.450715 -0.819165
vn 0.553858 0.671389 -0.492422
vn 0.635220 0.742311 -0.213237
vn 0.655687 0.755033 0.000000
vn -0.647648 -0.761939 0.000000
vn -0.632505 -0.737102 -0.237943
vn -0.559541 -0.635304 -0.532261
vn -0.363519 -0.396679 -0.842911
vn 0.000000 0.000000 -1.000000
vn 0.387072 0.379733 -0.840225
vn 0.623999 0.579478 -0.524244
vn 0.726756 0.646692 -0.231549
vn 0.752687 0.658379 0.000000
vn -0.743581 -0.668646 0.000000
vn -0.721797 -0.642977 -0.256103
vn -0.624268 -0.541870 -0.562731
vn -0.389439 -0.324899 -0.861846
vn 0.000000 -0.000000 -1.000000
vn 0.407612 0.305490 -0.860539
vn 0.676838 0.479735 -0.558341
vn 0.800722 0.543293 -0.252344
vn 0.832050 0.554700 0.000000
vn -0.839602 -0.543202 0.000000
vn -0.809985 -0.519848 -0.271444
vn -0.685726 -0.430428 -0.586952
vn -0.413284 -0.250678 -0.875418
vn 0.000000 -0.000000 -1.000000
vn 0.424205 0.234127 -0.874777
vn 0.718361 0.377098 -0.584597
vn 0.859822 0.433795 -0.269310
vn 0.895694 0.444671 0.000000
vn -0.923524 -0.383540 0.000000
vn -0.887267 -0.366482 -0.280085
vn -0.740997 -0.301462 -0.600037
vn -0.437443 -0.173802 -0.882291
vn -0.000000 0.000000 -1.000000
vn 0.441746 0.164120 -0.882001
vn 0.753916 0.269989 -0.598930
vn 0.907027 0.315324 -0.279057
vn 0.945778 0.324813 0.000000
vn -0.980463 -0.196702 0.000000
vn -0.940895 -0.188441 -0.281437
vn -0.783006 -0.156068 -0.602116
vn -0.459689 -0.090928 -0.883413
vn -0.000000 0.000000 -1.000000
vn 0.460148 0.088992 -0.883371
vn 0.784361 0.149749 -0.601957
vn 0.942950 0.178105 -0.281290
vn 0.982777 0.184796 0.000000
vn 0.525519 0.825404 0.206246
vn 0.400263 0.889473 0.220515
vn 0.463364 0.745396 0.479249
vn 0.354770 0.788378 0.502591
vn 0.303342 0.503069 0.809262
vn 0.232611 0.516912 0.823829
vn 0.000000 0.000000 1.000000
vn 0.000000 0.000000 1.000000
vn -0.287396 -0.505140 0.813780
vn -0.232611 -0.516912 0.823829
vn -0.423945 -0.761196 0.490766
vn -0.354770 -0.788378 0.502591
vn -0.470202 -0.856044 0.214705
vn -0.400263 -0.889473 0.220515
vn 0.635220 0.742311 0.213237
vn 0.553858 0.671389 0.492422
vn 0.354718 0.450715 0.819165
vn 0.000000 0.000000 1.000000
vn -0.330887 -0.460563 0.823648
vn -0.492524 -0.709202 0.504433
vn -0.547802 -0.806539 0.222278
vn 0.726756 0.646692 0.231549
vn 0.623999 0.579478 0.524244
vn 0.387072 0.379733 0.840225
vn 0.000000 0.000000 1.000000
vn -0.363519 -0.396679 0.842911
vn -0.559541 -0.635304 0.532261
vn -0.632505 -0.737102 0.237943
vn 0.800722 0.543293 0.252344
vn 0.676838 0.479735 0.558341
vn 0.407612 0.305490 0.860539
vn 0.000000 -0.000000 1.000000
vn -0.389439 -0.324899 0.861846
vn -0.624268 -0.541870 0.562731
vn -0.721797 -0.642977 0.256103
vn 0.859822 0.433795 0.269310
vn 0.718361 0.377098 0.584597
vn 0.424205 0.234127 0.874777
vn 0.000000 -0.000000 1.000000
vn -0.413284 -0.250678 0.875418
vn -0.685726 -0.430428 0.586952
vn -0.809985 -0.519848 0.271444
vn 0.907027 0.315324 0.279057
vn 0.753916 0.269989 0.598930
vn 0.441746 0.164120 0.882001
vn -0.000000 0.000000 1.000000
vn -0.437443 -0.173802 0.882291
vn -0.740997 -0.301462 0.600037
vn -0.887267 -0.366482 0.280085
vn 0.942950 0.178105 0.281290
vn 0.784361 0.149749 0.601957
vn 0.460148 0.088992 0.883371
vn -0.000000 0.000000 1.000000
vn -0.459689 -0.090928 0.883413
vn -0.783006 -0.156068 0.602116
vn -0.940895 -0.188441 0.281437
vn 0.384615 -0.923077 0.000000
vn 0.704117 -0.710084 0.000000
vn 0.669122 -0.648591 -0.362774
vn 0.375987 -0.888462 -0.263191
vn 0.527113 -0.442216 -0.725671
vn 0.326890 -0.739545 -0.588402
vn 0.284578 -0.144077 -0.947764
vn 0.197221 -0.416483 -0.887494
vn 0.013886 0.131195 -0.991259
vn -0.000000 0.000000 -1.000000
vn -0.251586 0.335928 -0.907665
vn -0.203182 0.350343 -0.914318
vn -0.515054 0.473366 -0.714593
vn -0.389466 0.597377 -0.701040
vn -0.740695 0.545202 -0.392587
vn -0.540569 0.751399 -0.378398
vn -0.828869 0.559443 0.000000
vn -0.600000 0.800000 0.000000
vn 0.897727 -0.440551 0.000000
vn 0.855731 -0.392184 -0.337515
vn 0.693057 -0.241127 -0.679360
vn 0.408632 -0.026429 -0.912316
vn 0.062719 0.177893 -0.982049
vn -0.297304 0.323837 -0.898187
vn -0.630340 0.390920 -0.670711
vn -0.857730 0.387671 -0.337654
vn -0.928477 0.371391 0.000000
vn 0.958492 -0.285121 0.000000
vn 0.927567 -0.252791 -0.275167
vn 0.801020 -0.150222 -0.579483
vn 0.538856 0.013092 -0.842296
vn 0.141672 0.194556 -0.970606
vn -0.320459 0.327123 -0.888986
vn -0.700914 0.362599 -0.614200
vn -0.899576 0.332944 -0.282685
vn -0.950213 0.311601 0.000000
vn 0.957826 -0.287348 0.000000
vn 0.935040 -0.261407 -0.239512
vn 0.837683 -0.175387 -0.517230
vn 0.612672 -0.022207 -0.790025
vn 0.214084 0.180281 -0.960035
vn -0.295910 0.354900 -0.886839
vn -0.692633 0.417885 -0.587904
vn -0.876420 0.404706 -0.260963
vn -0.920582 0.390550 0.000000
vn 0.897596 -0.440819 0.000000
vn 0.877178 -0.413402 -0.244250
vn 0.788583 -0.316816 -0.527033
vn 0.583760 -0.132820 -0.800989
vn 0.227878 0.130531 -0.964901
vn -0.219348 0.394768 -0.892213
vn -0.577558 0.549507 -0.603712
vn -0.756221 0.594190 -0.273986
vn -0.801883 0.597481 0.000000
vn 0.718240 -0.695795 0.000000
vn 0.697917 -0.660148 -0.277699
vn 0.612946 -0.528311 -0.587524
vn 0.435204 -0.278159 -0.856286
vn 0.169987 0.065129 -0.983292
vn -0.127540 0.418375 -0.899275
vn -0.371255 0.679599 -0.632704
vn -0.507151 0.807936 -0.300063
vn -0.544548 0.838730 0.000000
vn 0.427110 -0.904200 0.000000
vn 0.409288 -0.857703 -0.311173
vn 0.342857 -0.685525 -0.642266
vn 0.225037 -0.376837 -0.898528
vn 0.079637 0.016280 -0.996691
vn -0.060363 0.414895 -0.907865
vn -0.166025 0.736945 -0.655246
vn -0.221511 0.921327 -0.319515
vn -0.235151 0.971959 0.000000
vn 0.158678 -0.987330 0.000000
vn 0.145201 -0.929551 -0.338899
vn 0.104204 -0.725566 -0.680218
vn 0.048550 -0.391976 -0.918694
vn -0.000000 0.000000 -1.000000
vn -0.026392 0.392302 -0.919458
vn -0.026212 0.729287 -0.683706
vn -0.009857 0.939462 -0.342512
vn 0.000000 1.000000 0.000000
vn -0.740695 0.545202 0.392587
vn -0.540569 0.751399 0.378398
vn -0.515054 0.473366 0.714593
vn -0.389466 0.597377 0.701040
vn -0.251586 0.335928 0.907665
vn -0.203182 0.350343 0.914318
vn 0.013886 0.131195 0.991259
vn -0.000000 0.000000 1.000000
vn 0.284578 -0.144077 0.947764
vn 0.197221 -0.416483 0.887494
vn 0.527113 -0.442216 0.725671
vn 0.326890 -0.739545 0.588402
vn 0.669122 -0.648591 0.362774
vn 0.375987 -0.888462 0.263191
vn -0.857730 0.387671 0.337654
vn -0.630340 0.390920 0.670711
vn -0.297304 0.323837 0.898187
vn 0.062719 0.177893 0.982049
vn 0.408632 -0.026429 0.912316
vn 0.693057 -0.241127 0.679360
vn 0.855731 -0.392184 0.337515
vn -0.899576 0.332944 0.282685
vn -0.700914 0.362599 0.614200
vn -0.320459 0.327123 0.888986
vn 0.141672 0.194556 0.970606
vn 0.538856 0.013092 0.842296
vn 0.801020 -0.150222 0.579483
vn 0.927567 -0.252791 0.275167
vn -0.876420 0.404706 0.260963
vn -0.692633 0.417885 0.587904
vn -0.295910 0.354900 0.886839
vn 0.214084 0.180281 0.960035
vn 0.612672 -0.022207 0.790025
vn 0.837683 -0.175387 0.517230
vn 0.935040 -0.261407 0.239512
vn -0.756221 0.594190 0.273986
vn -0.577558 0.549507 0.603712
vn -0.219348 0.394768 0.892213
vn 0.227878 0.130531 0.964901
vn 0.583760 -0.132820 0.800989
vn 0.788583 -0.316816 0.527033
vn 0.877178 -0.413402 0.244250
vn -0.507151 0.807936 0.300063
vn -0.371255 0.679599 0.632704
vn -0.127540 0.418375 0.899275
vn 0.169987 0.065129 0.983292
vn 0.435204 -0.278159 0.856286
vn 0.612946 -0.528311 0.587524
vn 0.697917 -0.660148 0.277699
vn -0.221511 0.921327 0.319515
vn -0.166025 0.736945 0.655246
vn -0.060363 0.414895 0.907865
vn 0.079637 0.016280 0.996691
vn 0.225037 -0.376837 0.898528
vn 0.342857 -0.685525 0.642266
vn 0.409288 -0.857703 0.311173
vn -0.009857 0.939462 0.342512
vn -0.026212 0.729287 0.683706
vn -0.026392 0.392302 0.919458
vn 0.000000 0.000000 1.000000
vn 0.048550 -0.391976 0.918694
vn 0.104204 -0.725566 0.680218
vn 0.145201 -0.929551 0.338899
vn -0.410365 0.911922 0.000000
vn -0.366863 0.930275 0.000000
vn -0.349059 0.893691 0.281911
vn -0.394390 0.866234 0.306748
vn -0.282901 0.759680 0.585537
vn -0.324210 0.688797 0.648419
vn -0.163540 0.527144 0.833891
vn -0.182420 0.367142 0.912102
vn -0.006166 0.244167 0.969714
vn 0.000000 -0.000000 1.000000
vn 0.178219 -0.044939 0.982964
vn 0.186075 -0.315878 0.930375
vn 0.394729 -0.328668 0.858001
vn 0.369348 -0.563836 0.738696
vn 0.621976 -0.581532 0.524372
vn 0.531838 -0.738946 0.413652
vn 0.727013 -0.686624 0.000000
vn 0.600000 -0.800000 0.000000
vn -0.309738 0.950822 0.000000
vn -0.291852 0.927637 0.233050
vn -0.234699 0.849060 0.473301
vn -0.142672 0.722871 0.676093
vn -0.020406 0.566191 0.824022
vn 0.143868 0.380414 0.913558
vn 0.387319 0.145682 0.910363
vn 0.736920 -0.147034 0.659796
vn 0.948683 -0.316228 0.000000
vn -0.212234 0.977219 0.000000
vn -0.197522 0.969523 0.144947
vn -0.157383 0.946542 0.281583
vn -0.101985 0.915417 0.389371
vn -0.033567 0.880809 0.472280
vn 0.060321 0.841918 0.536223
vn 0.211819 0.799294 0.562371
vn 0.462453 0.767551 0.443849
vn 0.650791 0.759257 0.000000
vn 0.106533 0.994309 0.000000
vn 0.072995 0.992822 -0.094744
vn 0.018525 0.992551 -0.120410
vn -0.017520 0.995060 -0.097716
vn -0.034891 0.997622 -0.059444
vn -0.038461 0.999062 -0.019900
vn -0.029866 0.999488 0.011512
vn -0.011687 0.999722 0.020474
vn 0.000000 1.000000 0.000000
vn 0.859738 -0.510735 0.000000
vn 0.753923 -0.182071 -0.631229
vn 0.366895 0.434634 -0.822485
vn 0.105490 0.721726 -0.684093
vn -0.024062 0.837832 -0.545398
vn -0.104987 0.896989 -0.429405
vn -0.171151 0.934243 -0.312886
vn -0.227673 0.959007 -0.168732
vn -0.252422 0.967617 0.000000
vn 0.537133 -0.843498 0.000000
vn 0.527595 -0.744179 -0.409684
vn 0.417102 -0.338738 -0.843376
vn 0.182693 0.207446 -0.961036
vn -0.011162 0.544063 -0.838970
vn -0.146646 0.720404 -0.677874
vn -0.259222 0.827456 -0.498117
vn -0.353812 0.896031 -0.268226
vn -0.393919 0.919145 0.000000
vn 0.438412 -0.898774 0.000000
vn 0.429874 -0.845676 -0.316293
vn 0.366803 -0.617053 -0.696205
vn 0.201186 -0.178948 -0.963069
vn -0.002720 0.248952 -0.968512
vn -0.177042 0.532541 -0.827681
vn -0.327654 0.714253 -0.618454
vn -0.451571 0.827864 -0.332755
vn -0.502136 0.864789 0.000000
vn 0.621976 -0.581532 -0.524372
vn 0.531838 -0.738946 -0.413652
vn 0.394729 -0.328668 -0.858001
vn 0.369348 -0.563836 -0.738696
vn 0.178219 -0.044939 -0.982964
vn 0.186075 -0.315878 -0.930375
vn -0.006166 0.244167 -0.969714
vn 0.000000 -0.000000 -1.000000
vn -0.163540 0.527144 -0.833891
vn -0.182420 0.367142 -0.912102
vn -0.282901 0.759680 -0.585537
vn -0.324210 0.688797 -0.648419
vn -0.349059 0.893691 -0.281911
vn -0.394390 0.866234 -0.306748
vn 0.736920 -0.147034 -0.659796
vn 0.387319 0.145682 -0.910363
vn 0.143868 0.380414 -0.913558
vn -0.020406 0.566191 -0.824022
vn -0.142672 0.722871 -0.676093
vn -0.234699 0.849060 -0.473301
vn -0.291852 0.927637 -0.233050
vn 0.462453 0.767551 -0.443849
vn 0.211819 0.799294 -0.562371
vn 0.060321 0.841918 -0.536223
vn -0.033567 0.880809 -0.472280
vn -0.101985 0.915417 -0.389371
vn -0.157383 0.946542 -0.281583
vn -0.197522 0.969523 -0.144947
vn -0.011687 0.999722 -0.020474
vn -0.029866 0.999488 -0.011512
vn -0.038461 0.999062 0.019900
vn -0.034891 0.997622 0.059444
vn -0.017520 0.995060 0.097716
vn 0.018525 0.992551 0.120410
vn 0.072995 0.992822 0.094744
vn -0.227673 0.959007 0.168732
vn -0.171151 0.934243 0.312886
vn -0.104987 0.896989 0.429405
vn -0.024062 0.837832 0.545398
vn 0.105490 0.721726 0.684093
vn 0.366895 0.434634 0.822485
vn 0.753923 -0.182071 0.631229
vn -0.353812 0.896031 0.268226
vn -0.259222 0.827456 0.498117
vn -0.146646 0.720404 0.677874
vn -0.011162 0.544063 0.838970
vn 0.182693 0.207446 0.961036
vn 0.417102 -0.338738 0.843376
vn 0.527595 -0.744179 0.409684
vn -0.451571 0.827864 0.332755
vn -0.327654 0.714253 0.618454
vn -0.177042 0.532541 0.827681
vn -0.002720 0.248952 0.968512
vn 0.201186 -0.178948 0.963069
vn 0.366803 -0.617053 0.696205
vn 0.429874 -0.845676 0.316293
vn 0.000000 0.800000 -0.600000
vn 0.000000 -0.051878 -0.998653
vn 0.195574 -0.052142 -0.979302
vn 0.117600 0.800267 -0.587999
vn 0.383767 -0.052662 -0.921927
vn 0.230400 0.800718 -0.552961
vn 0.555984 -0.053108 -0.829494
vn 0.333387 0.801055 -0.497156
vn 0.706102 -0.053279 -0.706102
vn 0.423155 0.801174 -0.423155
vn 0.829494 -0.053108 -0.555984
vn 0.497156 0.801055 -0.333387
vn 0.921927 -0.052662 -0.383767
vn 0.552961 0.800718 -0.230400
vn 0.979302 -0.052142 -0.195574
vn 0.587999 0.800267 -0.117600
vn 0.998653 -0.051878 0.000000
vn 0.600000 0.800000 0.000000
vn 0.000000 -0.572589 -0.819843
vn 0.160057 -0.573111 -0.803695
vn 0.314181 -0.574055 -0.756142
vn 0.455314 -0.574807 -0.679917
vn 0.578481 -0.575083 -0.578481
vn 0.679917 -0.574807 -0.455314
vn 0.756142 -0.574055 -0.314181
vn 0.803695 -0.573111 -0.160057
vn 0.819843 -0.572589 0.000000
vn 0.000000 -0.679236 -0.733920
vn 0.143016 -0.679697 -0.719416
vn 0.280866 -0.680523 -0.676759
vn 0.407203 -0.681176 -0.608429
vn 0.517530 -0.681414 -0.517530
vn 0.608429 -0.681176 -0.407203
vn 0.676759 -0.680523 -0.280866
vn 0.719416 -0.679697 -0.143016
vn 0.733920 -0.679236 0.000000
vn 0.000000 -0.624695 -0.780869
vn 0.152058 -0.625166 -0.765536
vn 0.298777 -0.626010 -0.720308
vn 0.433353 -0.626676 -0.647675
vn 0.550896 -0.626919 -0.550896
vn 0.647675 -0.626676 -0.433353
vn 0.720308 -0.626010 -0.298777
vn 0.765536 -0.625166 -0.152058
vn 0.780869 -0.624695 0.000000
vn 0.000000 -0.207915 -0.978147
vn 0.190490 -0.208184 -0.959361
vn 0.374629 -0.208673 -0.903387
vn 0.543762 -0.209064 -0.812782
vn 0.691459 -0.209208 -0.691459
vn 0.812782 -0.209064 -0.543762
vn 0.903387 -0.208673 -0.374629
vn 0.959361 -0.208184 -0.190490
vn 0.978147 -0.207915 0.000000
vn 0.000000 0.800000 -0.600000
vn 0.116752 0.800327 -0.588086
vn 0.229354 0.800907 -0.553123
vn 0.332609 0.801359 -0.497187
vn 0.422824 0.801523 -0.422824
vn 0.497187 0.801359 -0.332609
vn 0.553123 0.800907 -0.229354
vn 0.588086 0.800327 -0.116752
vn 0.600000 0.800000 0.000000
vn 0.000000 0.988311 -0.152452
vn 0.029652 0.988337 -0.149366
vn 0.058209 0.988384 -0.140386
vn 0.084370 0.988421 -0.126119
vn 0.107234 0.988434 -0.107234
vn 0.126119 0.988421 -0.084370
vn 0.140386 0.988384 -0.058209
vn 0.149366 0.988337 -0.029652
vn 0.152452 0.988311 0.000000
vn 0.000000 1.000000 0.000000
vn -0.600000 0.800000 0.000000
vn -0.998653 -0.051878 0.000000
vn -0.979302 -0.052142 -0.195574
vn -0.587999 0.800267 -0.117600
vn -0.921927 -0.052662 -0.383767
vn -0.552961 0.800718 -0.230400
vn -0.829494 -0.053108 -0.555984
vn -0.497156 0.801055 -0.333387
vn -0.706102 -0.053279 -0.706102
vn -0.423155 0.801174 -0.423155
vn -0.555984 -0.053108 -0.829494
vn -0.333387 0.801055 -0.497156
vn -0.383767 -0.052662 -0.921927
vn -0.230400 0.800718 -0.552961
vn -0.195574 -0.052142 -0.979302
vn -0.117600 0.800267 -0.587999
vn -0.819843 -0.572589 0.000000
vn -0.803695 -0.573111 -0.160057
vn -0.756142 -0.574055 -0.314181
vn -0.679917 -0.574807 -0.455314
vn -0.578481 -0.575083 -0.578481
vn -0.455314 -0.574807 -0.679917
vn -0.314181 -0.574055 -0.756142
vn -0.160057 -0.573111 -0.803695
vn -0.733920 -0.679236 0.000000
vn -0.719416 -0.679697 -0.143016
vn -0.676759 -0.680523 -0.280866
vn -0.608429 -0.681176 -0.407203
vn -0.517530 -0.681414 -0.517530
vn -0.407203 -0.681176 -0.608429
vn -0.280866 -0.680523 -0.676759
vn -0.143016 -0.679697 -0.719416
vn -0.780869 -0.624695 0.000000
vn -0.765536 -0.625166 -0.152058
vn -0.720308 -0.626010 -0.298777
vn -0.647675 -0.626676 -0.433353
vn -0.550896 -0.626919 -0.550896
vn -0.433353 -0.626676 -0.647675
vn -0.298777 -0.626010 -0.720308
vn -0.152058 -0.625166 -0.765536
vn -0.978147 -0.207915 0.000000
vn -0.959361 -0.208184 -0.190490
vn -0.903387 -0.208673 -0.374629
vn -0.812782 -0.209064 -0.543762
vn -0.691459 -0.209208 -0.691459
vn -0.543762 -0.209064 -0.812782
vn -0.374629 -0.208673 -0.903387
vn -0.190490 -0.208184 -0.959361
vn -0.600000 0.800000 0.000000
vn -0.588086 0.800327 -0.116752
vn -0.553123 0.800907 -0.229354
vn -0.497187 0.801359 -0.332609
vn -0.422824 0.801523 -0.422824
vn -0.332609 0.801359 -0.497187
vn -0.229354 0.800907 -0.553123
vn -0.116752 0.800327 -0.588086
vn -0.152452 0.988311 0.000000
vn -0.149366 0.988337 -0.029652
vn -0.140386 0.988384 -0.058209
vn -0.126119 0.988421 -0.084370
vn -0.107234 0.988434 -0.107234
vn -0.084370 0.988421 -0.126119
vn -0.058209 0.988384 -0.140386
vn -0.029652 0.988337 -0.149366
vn 0.000000 0.800000 0.600000
vn 0.000000 -0.051878 0.998653
vn -0.195574 -0.052142 0.979302
vn -0.117600 0.800267 0.587999
vn -0.383767 -0.052662 0.921927
vn -0.230400 0.800718 0.552961
vn -0.555984 -0.053108 0.829494
vn -0.333387 0.801055 0.497156
vn -0.706102 -0.053279 0.706102
vn -0.423155 0.801174 0.423155
vn -0.829494 -0.053108 0.555984
vn -0.497156 0.801055 0.333387
vn -0.921927 -0.052662 0.383767
vn -0.552961 0.800718 0.230400
vn -0.979302 -0.052142 0.195574
vn -0.587999 0.800267 0.117600
vn 0.000000 -0.572589 0.819843
vn -0.160057 -0.573111 0.803695
vn -0.314181 -0.574055 0.756142
vn -0.455314 -0.574807 0.679917
vn -0.578481 -0.575083 0.578481
vn -0.679917 -0.574807 0.455314
vn -0.756142 -0.574055 0.314181
vn -0.803695 -0.573111 0.160057
vn 0.000000 -0.679236 0.733920
vn -0.143016 -0.679697 0.719416
vn -0.280866 -0.680523 0.676759
vn -0.407203 -0.681176 0.608429
vn -0.517530 -0.681414 0.517530
vn -0.608429 -0.681176 0.407203
vn -0.676759 -0.680523 0.280866
vn -0.719416 -0.679697 0.143016
vn 0.000000 -0.624695 0.780869
vn -0.152058 -0.625166 0.765536
vn -0.298777 -0.626010 0.720308
vn -0.433353 -0.626676 0.647675
vn -0.550896 -0.626919 0.550896
vn -0.647675 -0.626676 0.433353
vn -0.720308 -0.626010 0.298777
vn -0.765536 -0.625166 0.152058
vn 0.000000 -0.207915 0.978147
vn -0.190490 -0.208184 0.959361
vn -0.374629 -0.208673 0.903387
vn -0.543762 -0.209064 0.812782
vn -0.691459 -0.209208 0.691459
vn -0.812782 -0.209064 0.543762
vn -0.903387 -0.208673 0.374629
vn -0.959361 -0.208184 0.190490
vn 0.000000 0.800000 0.600000
vn -0.116752 0.800327 0.588086
vn -0.229354 0.800907 0.553123
vn -0.332609 0.801359 0.497187
vn -0.422824 0.801523 0.422824
vn -0.497187 0.801359 0.332609
vn -0.553123 0.800907 0.229354
vn -0.588086 0.800327 0.116752
vn 0.000000 0.988311 0.152452
vn -0.029652 0.988337 0.149366
vn -0.058209 0.988384 0.140386
vn -0.084370 0.988421 0.126119
vn -0.107234 0.988434 0.107234
vn -0.126119 0.988421 0.084370
vn -0.140386 0.988384 0.058209
vn -0.149366 0.988337 0.029652
vn 0.979302 -0.052142 0.195574
vn 0.587999 0.800267 0.117600
vn 0.921927 -0.052662 0.383767
vn 0.552961 0.800718 0.230400
vn 0.829494 -0.053108 0.555984
vn 0.497156 0.801055 0.333387
vn 0.706102 -0.053279 0.706102
vn 0.423155 0.801174 0.423155
vn 0.555984 -0.053108 0.829494
vn 0.333387 0.801055 0.497156
vn 0.383767 -0.052662 0.921927
vn 0.230400 0.800718 0.552961
vn 0.195574 -0.052142 0.979302
vn 0.117600 0.800267 0.587999
vn 0.803695 -0.573111 0.160057
vn 0.756142 -0.574055 0.314181
vn 0.679917 -0.574807 0.455314
vn 0.578481 -0.575083 0.578481
vn 0.455314 -0.574807 0.679917
vn 0.314181 -0.574055 0.756142
vn 0.160057 -0.573111 0.803695
vn 0.719416 -0.679697 0.143016
vn 0.676759 -0.680523 0.280866
vn 0.608429 -0.681176 0.407203
vn 0.517530 -0.681414 0.517530
vn 0.407203 -0.681176 0.608429
vn 0.280866 -0.680523 0.676759
vn 0.143016 -0.679697 0.719416
vn 0.765536 -0.625166 0.152058
vn 0.720308 -0.626010 0.298777
vn 0.647675 -0.626676 0.433353
vn 0.550896 -0.626919 0.550896
vn 0.433353 -0.626676 0.647675
vn 0.298777 -0.626010 0.720308
vn 0.152058 -0.625166 0.765536
vn 0.959361 -0.208184 0.190490
vn 0.903387 -0.208673 0.374629
vn 0.812782 -0.209064 0.543762
vn 0.691459 -0.209208 0.691459
vn 0.543762 -0.209064 0.812782
vn 0.374629 -0.208673 0.903387
vn 0.190490 -0.208184 0.959361
vn 0.588086 0.800327 0.116752
vn 0.553123 0.800907 0.229354
vn 0.497187 0.801359 0.332609
vn 0.422824 0.801523 0.422824
vn 0.332609 0.801359 0.497187
vn 0.229354 0.800907 0.553123
vn 0.116752 0.800327 0.588086
vn 0.149366 0.988337 0.029652
vn 0.140386 0.988384 0.058209
vn 0.126119 0.988421 0.084370
vn 0.107234 0.988434 0.107234
vn 0.084370 0.988421 0.126119
vn 0.058209 0.988384 0.140386
vn 0.029652 0.988337 0.149366
vn 0.000000 0.000000 -1.000000
vn 0.000000 0.862799 -0.505547
vn 0.099077 0.863004 -0.495387
vn 0.196116 0.000000 -0.980581
vn 0.194080 0.863349 -0.465791
vn 0.384615 0.000000 -0.923077
vn 0.280797 0.863607 -0.418732
vn 0.556953 0.000000 -0.830544
vn 0.356389 0.863698 -0.356389
vn 0.707107 0.000000 -0.707107
vn 0.418732 0.863607 -0.280797
vn 0.830544 -0.000000 -0.556953
vn 0.465791 0.863349 -0.194080
vn 0.923077 -0.000000 -0.384615
vn 0.495387 0.863004 -0.099077
vn 0.980581 -0.000000 -0.196116
vn 0.505547 0.862799 0.000000
vn 1.000000 0.000000 0.000000
vn 0.000000 0.965948 -0.258736
vn 0.050698 0.966008 -0.253492
vn 0.099282 0.966109 -0.238277
vn 0.143611 0.966185 -0.214157
vn 0.182258 0.966211 -0.182258
vn 0.214157 0.966185 -0.143611
vn 0.238277 0.966109 -0.099282
vn 0.253492 0.966008 -0.050698
vn 0.258736 0.965948 0.000000
vn 0.000000 0.984680 -0.174370
vn 0.034166 0.984708 -0.170831
vn 0.066903 0.984755 -0.160568
vn 0.096771 0.984790 -0.144308
vn 0.122811 0.984802 -0.122811
vn 0.144308 0.984790 -0.096771
vn 0.160568 0.984755 -0.066903
vn 0.170831 0.984708 -0.034166
vn 0.174370 0.984680 0.000000
vn 0.000000 0.988936 -0.148340
vn 0.029066 0.988957 -0.145328
vn 0.056915 0.988991 -0.136596
vn 0.082323 0.989016 -0.122762
vn 0.104474 0.989025 -0.104474
vn 0.122762 0.989016 -0.082323
vn 0.136596 0.988991 -0.056915
vn 0.145328 0.988957 -0.029066
vn 0.148340 0.988936 0.000000
vn 0.000000 0.987537 -0.157389
vn 0.030839 0.987559 -0.154193
vn 0.060387 0.987598 -0.144928
vn 0.087345 0.987626 -0.130251
vn 0.110848 0.987636 -0.110848
vn 0.130251 0.987626 -0.087345
vn 0.144928 0.987598 -0.060387
vn 0.154193 0.987559 -0.030839
vn 0.157389 0.987537 0.000000
vn 0.000000 0.978980 -0.203954
vn 0.039963 0.979018 -0.199816
vn 0.078256 0.979082 -0.187815
vn 0.113194 0.979129 -0.168798
vn 0.143654 0.979146 -0.143654
vn 0.168798 0.979129 -0.113194
vn 0.187815 0.979082 -0.078256
vn 0.199816 0.979018 -0.039963
vn 0.203954 0.978980 0.000000
vn 0.000000 0.948259 -0.317497
vn 0.062214 0.948348 -0.311072
vn 0.121840 0.948497 -0.292417
vn 0.176249 0.948609 -0.262827
vn 0.223681 0.948648 -0.223681
vn 0.262827 0.948609 -0.176249
vn 0.292417 0.948497 -0.121840
vn 0.311072 0.948348 -0.062214
vn 0.317497 0.948259 0.000000
vn -1.000000 0.000000 0.000000
vn -0.505547 0.862799 0.000000
vn -0.495387 0.863004 -0.099077
vn -0.980581 0.000000 -0.196116
vn -0.465791 0.863349 -0.194080
vn -0.923077 -0.000000 -0.384615
vn -0.418732 0.863607 -0.280797
vn -0.830544 -0.000000 -0.556953
vn -0.356389 0.863698 -0.356389
vn -0.707107 -0.000000 -0.707107
vn -0.280797 0.863607 -0.418732
vn -0.556953 0.000000 -0.830544
vn -0.194080 0.863349 -0.465791
vn -0.384615 -0.000000 -0.923077
vn -0.099077 0.863004 -0.495387
vn -0.196116 0.000000 -0.980581
vn -0.258736 0.965948 0.000000
vn -0.253492 0.966008 -0.050698
vn -0.238277 0.966109 -0.099282
vn -0.214157 0.966185 -0.143611
vn -0.182258 0.966211 -0.182258
vn -0.143611 0.966185 -0.214157
vn -0.099282 0.966109 -0.238277
vn -0.050698 0.966008 -0.253492
vn -0.174370 0.984680 0.000000
vn -0.170831 0.984708 -0.034166
vn -0.160568 0.984755 -0.066903
vn -0.144308 0.984790 -0.096771
vn -0.122811 0.984802 -0.122811
vn -0.096771 0.984790 -0.144308
vn -0.066903 0.984755 -0.160568
vn -0.034166 0.984708 -0.170831
vn -0.148340 0.988936 0.000000
vn -0.145328 0.988957 -0.029066
vn -0.136596 0.988991 -0.056915
vn -0.122762 0.989016 -0.082323
vn -0.104474 0.989025 -0.104474
vn -0.082323 0.989016 -0.122762
vn -0.056915 0.988991 -0.136596
vn -0.029066 0.988957 -0.145328
vn -0.157389 0.987537 0.000000
vn -0.154193 0.987559 -0.030839
vn -0.144928 0.987598 -0.060387
vn -0.130251 0.987626 -0.087345
vn -0.110848 0.987636 -0.110848
vn -0.087345 0.987626 -0.130251
vn -0.060387 0.987598 -0.144928
vn -0.030839 0.987559 -0.154193
vn -0.203954 0.978980 0.000000
vn -0.199816 0.979018 -0.039963
vn -0.187815 0.979082 -0.078256
vn -0.168798 0.979129 -0.113194
vn -0.143654 0.979146 -0.143654
vn -0.113194 0.979129 -0.168798
vn -0.078256 0.979082 -0.187815
vn -0.039963 0.979018 -0.199816
vn -0.317497 0.948259 0.000000
vn -0.311072 0.948348 -0.062214
vn -0.292417 0.948497 -0.121840
vn -0.262827 0.948609 -0.176249
vn -0.223681 0.948648 -0.223681
vn -0.176249 0.948609 -0.262827
vn -0.121840 0.948497 -0.292417
vn -0.062214 0.948348 -0.311072
vn 0.000000 0.000000 1.000000
vn 0.000000 0.862799 0.505547
vn -0.099077 0.863004 0.495387
vn -0.196116 0.000000 0.980581
vn -0.194080 0.863349 0.465791
vn -0.384615 0.000000 0.923077
vn -0.280797 0.863607 0.418732
vn -0.556953 -0.000000 0.830544
vn -0.356389 0.863698 0.356389
vn -0.707107 0.000000 0.707107
vn -0.418732 0.863607 0.280797
vn -0.830544 -0.000000 0.556953
vn -0.465791 0.863349 0.194080
vn -0.923077 0.000000 0.384615
vn -0.495387 0.863004 0.099077
vn -0.980581 -0.000000 0.196116
vn 0.000000 0.965948 0.258736
vn -0.050698 0.966008 0.253492
vn -0.099282 0.966109 0.238277
vn -0.143611 0.966185 0.214157
vn -0.182258 0.966211 0.182258
vn -0.214157 0.966185 0.143611
vn -0.238277 0.966109 0.099282
vn -0.253492 0.966008 0.050698
vn 0.000000 0.984680 0.174370
vn -0.034166 0.984708 0.170831
vn -0.066903 0.984755 0.160568
vn -0.096771 0.984790 0.144308
vn -0.122811 0.984802 0.122811
vn -0.144308 0.984790 0.096771
vn -0.160568 0.984755 0.066903
vn -0.170831 0.984708 0.034166
vn 0.000000 0.988936 0.148340
vn -0.029066 0.988957 0.145328
vn -0.056915 0.988991 0.136596
vn -0.082323 0.989016 0.122762
vn -0.104474 0.989025 0.104474
vn -0.122762 0.989016 0.082323
vn -0.136596 0.988991 0.056915
vn -0.145328 0.988957 0.029066
vn 0.000000 0.987537 0.157389
vn -0.030839 0.987559 0.154193
vn -0.060387 0.987598 0.144928
vn -0.087345 0.987626 0.130251
vn -0.110848 0.987636 0.110848
vn -0.130251 0.987626 0.087345
vn -0.144928 0.987598 0.060387
vn -0.154193 0.987559 0.030839
vn 0.000000 0.978980 0.203954
vn -0.039963 0.979018 0.199816
vn -0.078256 0.979082 0.187815
vn -0.113194 0.979129 0.168798
vn -0.143654 0.979146 0.143654
vn -0.168798 0.979129 0.113194
vn -0.187815 0.979082 0.078256
vn -0.199816 0.979018 0.039963
vn 0.000000 0.948259 0.317497
vn -0.062214 0.948348 0.311072
vn -0.121840 0.948497 0.292417
vn -0.176249 0.948609 0.262827
vn -0.223681 0.948648 0.223681
vn -0.262827 0.948609 0.176249
vn -0.292417 0.948497 0.121840
vn -0.311072 0.948348 0.062214
vn 0.495387 0.863004 0.099077
vn 0.980581 0.000000 0.196116
vn 0.465791 0.863349 0.194080
vn 0.923077 0.000000 0.384615
vn 0.418732 0.863607 0.280797
vn 0.830544 0.000000 0.556953
vn 0.356389 0.863698 0.356389
vn 0.707107 -0.000000 0.707107
vn 0.280797 0.863607 0.418732
vn 0.556953 0.000000 0.830544
vn 0.194080 0.863349 0.465791
vn 0.384615 -0.000000 0.923077
vn 0.099077 0.863004 0.495387
vn 0.196116 0.000000 0.980581
vn 0.253492 0.966008 0.050698
vn 0.238277 0.966109 0.099282
vn 0.214157 0.966185 0.143611
vn 0.182258 0.966211 0.182258
vn 0.143611 0.966185 0.214157
vn 0.099282 0.966109 0.238277
vn 0.050698 0.966008 0.253492
vn 0.170831 0.984708 0.034166
vn 0.160568 0.984755 0.066903
vn 0.144308 0.984790 0.096771
vn 0.122811 0.984802 0.122811
vn 0.096771 0.984790 0.144308
vn 0.066903 0.984755 0.160568
vn 0.034166 0.984708 0.170831
vn 0.145328 0.988957 0.029066
vn 0.136596 0.988991 0.056915
vn 0.122762 0.989016 0.082323
vn 0.104474 0.989025 0.104474
vn 0.082323 0.989016 0.122762
vn 0.056915 0.988991 0.136596
vn 0.029066 0.988957 0.145328
vn 0.154193 0.987559 0.030839
vn 0.144928 0.987598 0.060387
vn 0.130251 0.987626 0.087345
vn 0.110848 0.987636 0.110848
vn 0.087345 0.987626 0.130251
vn 0.060387 0.987598 0.144928
vn 0.030839 0.987559 0.154193
vn 0.199816 0.979018 0.039963
vn 0.187815 0.979082 0.078256
vn 0.168798 0.979129 0.113194
vn 0.143654 0.979146 0.143654
vn 0.113194 0.979129 0.168798
vn 0.078256 0.979082 0.187815
vn 0.039963 0.979018 0.199816
vn 0.311072 0.948348 0.062214
vn 0.292417 0.948497 0.121840
vn 0.262827 0.948609 0.176249
vn 0.223681 0.948648 0.223681
vn 0.176249 0.948609 0.262827
vn 0.121840 0.948497 0.292417
vn 0.062214 0.948348 0.311072
vn 0.000000 -0.464007 0.885832
vn 0.173691 -0.464345 0.868456
vn 0.196116 0.000000 0.980581
vn 0.340521 -0.464917 0.817250
vn 0.492976 -0.465344 0.735139
vn 0.556953 0.000000 0.830544
vn 0.625825 -0.465495 0.625825
vn 0.735139 -0.465344 0.492976
vn 0.817250 -0.464917 0.340521
vn 0.923077 0.000000 0.384615
vn 0.868456 -0.464345 0.173691
vn 0.885832 -0.464007 0.000000
vn 0.000000 -0.857493 0.514496
vn 0.100832 -0.857703 0.504161
vn 0.197520 -0.858059 0.474047
vn 0.285777 -0.858324 0.426159
vn 0.362712 -0.858417 0.362712
vn 0.426159 -0.858324 0.285777
vn 0.474047 -0.858059 0.197520
vn 0.504161 -0.857703 0.100832
vn 0.514496 -0.857493 0.000000
vn 0.000000 -0.964542 0.263929
vn 0.051716 -0.964604 0.258581
vn 0.101276 -0.964709 0.243062
vn 0.146495 -0.964788 0.218458
vn 0.185918 -0.964815 0.185918
vn 0.218458 -0.964788 0.146495
vn 0.243062 -0.964709 0.101276
vn 0.258581 -0.964604 0.051716
vn 0.263929 -0.964542 0.000000
vn 0.000000 -0.989949 0.141421
vn 0.027710 -0.989968 0.138549
vn 0.054260 -0.989999 0.130224
vn 0.078482 -0.990022 0.117035
vn 0.099601 -0.990030 0.099601
vn 0.117035 -0.990022 0.078482
vn 0.130224 -0.989999 0.054260
vn 0.138549 -0.989968 0.027710
vn 0.141421 -0.989949 0.000000
vn 0.000000 -0.997031 0.076998
vn 0.015087 -0.997037 0.075434
vn 0.029541 -0.997046 0.070899
vn 0.042728 -0.997053 0.063718
vn 0.054226 -0.997055 0.054226
vn 0.063718 -0.997053 0.042728
vn 0.070899 -0.997046 0.029541
vn 0.075434 -0.997037 0.015087
vn 0.076998 -0.997031 0.000000
vn 0.000000 -0.999219 0.039517
vn 0.007743 -0.999220 0.038714
vn 0.015161 -0.999223 0.036387
vn 0.021929 -0.999225 0.032701
vn 0.027829 -0.999225 0.027829
vn 0.032701 -0.999225 0.021929
vn 0.036387 -0.999223 0.015161
vn 0.038714 -0.999220 0.007743
vn 0.039517 -0.999219 0.000000
vn 0.000000 -0.999874 0.015871
vn 0.003110 -0.999874 0.015548
vn 0.006089 -0.999875 0.014614
vn 0.008807 -0.999875 0.013133
vn 0.011177 -0.999875 0.011177
vn 0.013133 -0.999875 0.008807
vn 0.014614 -0.999875 0.006089
vn 0.015548 -0.999874 0.003110
vn 0.015871 -0.999874 0.000000
vn 0.000000 -1.000000 0.000000
vn -0.885832 -0.464007 0.000000
vn -0.868456 -0.464345 0.173691
vn -0.817250 -0.464917 0.340521
vn -0.923077 0.000000 0.384615
vn -0.735139 -0.465344 0.492976
vn -0.830544 0.000000 0.556953
vn -0.625825 -0.465495 0.625825
vn -0.707107 -0.000000 0.707107
vn -0.492976 -0.465344 0.735139
vn -0.340521 -0.464917 0.817250
vn -0.384615 0.000000 0.923077
vn -0.173691 -0.464345 0.868456
vn -0.514496 -0.857493 0.000000
vn -0.504161 -0.857703 0.100832
vn -0.474047 -0.858059 0.197520
vn -0.426159 -0.858324 0.285777
vn -0.362712 -0.858417 0.362712
vn -0.285777 -0.858324 0.426159
vn -0.197520 -0.858059 0.474047
vn -0.100832 -0.857703 0.504161
vn -0.263929 -0.964542 0.000000
vn -0.258581 -0.964604 0.051716
vn -0.243062 -0.964709 0.101276
vn -0.218458 -0.964788 0.146495
vn -0.185918 -0.964815 0.185918
vn -0.146495 -0.964788 0.218458
vn -0.101276 -0.964709 0.243062
vn -0.051716 -0.964604 0.258581
vn -0.141421 -0.989949 0.000000
vn -0.138549 -0.989968 0.027710
vn -0.130224 -0.989999 0.054260
vn -0.117035 -0.990022 0.078482
vn -0.099601 -0.990030 0.099601
vn -0.078482 -0.990022 0.117035
vn -0.054260 -0.989999 0.130224
vn -0.027710 -0.989968 0.138549
vn -0.076998 -0.997031 0.000000
vn -0.075434 -0.997037 0.015087
vn -0.070899 -0.997046 0.029541
vn -0.063718 -0.997053 0.042728
vn -0.054226 -0.997055 0.054226
vn -0.042728 -0.997053 0.063718
vn -0.029541 -0.997046 0.070899
vn -0.015087 -0.997037 0.075434
vn -0.039517 -0.999219 0.000000
vn -0.038714 -0.999220 0.007743
vn -0.036387 -0.999223 0.015161
vn -0.032701 -0.999225 0.021929
vn -0.027829 -0.999225 0.027829
vn -0.021929 -0.999225 0.032701
vn -0.015161 -0.999223 0.036387
vn -0.007743 -0.999220 0.038714
vn -0.015871 -0.999874 0.000000
vn -0.015548 -0.999874 0.003110
vn -0.014614 -0.999875 0.006089
vn -0.013133 -0.999875 0.008807
vn -0.011177 -0.999875 0.011177
vn -0.008807 -0.999875 0.013133
vn -0.006089 -0.999875 0.014614
vn -0.003110 -0.999874 0.015548
vn 0.000000 -0.464007 -0.885832
vn -0.173691 -0.464345 -0.868456
vn -0.340521 -0.464917 -0.817250
vn -0.384615 0.000000 -0.923077
vn -0.492976 -0.465344 -0.735139
vn -0.625825 -0.465495 -0.625825
vn -0.707107 -0.000000 -0.707107
vn -0.735139 -0.465344 -0.492976
vn -0.817250 -0.464917 -0.340521
vn -0.868456 -0.464345 -0.173691
vn 0.000000 -0.857493 -0.514496
vn -0.100832 -0.857703 -0.504161
vn -0.197520 -0.858059 -0.474047
vn -0.285777 -0.858324 -0.426159
vn -0.362712 -0.858417 -0.362712
vn -0.426159 -0.858324 -0.285777
vn -0.474047 -0.858059 -0.197520
vn -0.504161 -0.857703 -0.100832
vn 0.000000 -0.964542 -0.263929
vn -0.051716 -0.964604 -0.258581
vn -0.101276 -0.964709 -0.243062
vn -0.146495 -0.964788 -0.218458
vn -0.185918 -0.964815 -0.185918
vn -0.218458 -0.964788 -0.146495
vn -0.243062 -0.964709 -0.101276
vn -0.258581 -0.964604 -0.051716
vn 0.000000 -0.989949 -0.141421
vn -0.027710 -0.989968 -0.138549
vn -0.054260 -0.989999 -0.130224
vn -0.078482 -0.990022 -0.117035
vn -0.099601 -0.990030 -0.099601
vn -0.117035 -0.990022 -0.078482
vn -0.130224 -0.989999 -0.054260
vn -0.138549 -0.989968 -0.027710
vn 0.000000 -0.997031 -0.076998
vn -0.015087 -0.997037 -0.075434
vn -0.029541 -0.997046 -0.070899
vn -0.042728 -0.997053 -0.063718
vn -0.054226 -0.997055 -0.054226
vn -0.063718 -0.997053 -0.042728
vn -0.070899 -0.997046 -0.029541
vn -0.075434 -0.997037 -0.015087
vn 0.000000 -0.999219 -0.039517
vn -0.007743 -0.999220 -0.038714
vn -0.015161 -0.999223 -0.036387
vn -0.021929 -0.999225 -0.032701
vn -0.027829 -0.999225 -0.027829
vn -0.032701 -0.999225 -0.021929
vn -0.036387 -0.999223 -0.015161
vn -0.038714 -0.999220 -0.007743
vn 0.000000 -0.999874 -0.015871
vn -0.003110 -0.999874 -0.015548
vn -0.006089 -0.999875 -0.014614
vn -0.008807 -0.999875 -0.013133
vn -0.011177 -0.999875 -0.011177
vn -0.013133 -0.999875 -0.008807
vn -0.014614 -0.999875 -0.006089
vn -0.015548 -0.999874 -0.003110
vn 0.868456 -0.464345 -0.173691
vn 0.817250 -0.464917 -0.340521
vn 0.923077 0.000000 -0.384615
vn 0.735139 -0.465344 -0.492976
vn 0.625825 -0.465495 -0.625825
vn 0.492976 -0.465344 -0.735139
vn 0.556953 0.000000 -0.830544
vn 0.340521 -0.464917 -0.817250
vn 0.173691 -0.464345 -0.868456
vn 0.196116 0.000000 -0.980581
vn 0.504161 -0.857703 -0.100832
vn 0.474047 -0.858059 -0.197520
vn 0.426159 -0.858324 -0.285777
vn 0.362712 -0.858417 -0.362712
vn 0.285777 -0.858324 -0.426159
vn 0.197520 -0.858059 -0.474047
vn 0.100832 -0.857703 -0.504161
vn 0.258581 -0.964604 -0.051716
vn 0.243062 -0.964709 -0.101276
vn 0.218458 -0.964788 -0.146495
vn 0.185918 -0.964815 -0.185918
vn 0.146495 -0.964788 -0.218458
vn 0.101276 -0.964709 -0.243062
vn 0.051716 -0.964604 -0.258581
vn 0.138549 -0.989968 -0.027710
vn 0.130224 -0.989999 -0.054260
vn 0.117035 -0.990022 -0.078482
vn 0.099601 -0.990030 -0.099601
vn 0.078482 -0.990022 -0.117035
vn 0.054260 -0.989999 -0.130224
vn 0.027710 -0.989968 -0.138549
vn 0.075434 -0.997037 -0.015087
vn 0.070899 -0.997046 -0.029541
vn 0.063718 -0.997053 -0.042728
vn 0.054226 -0.997055 -0.054226
vn 0.042728 -0.997053 -0.063718
vn 0.029541 -0.997046 -0.070899
vn 0.015087 -0.997037 -0.075434
vn 0.038714 -0.999220 -0.007743
vn 0.036387 -0.999223 -0.015161
vn 0.032701 -0.999225 -0.021929
vn 0.027829 -0.999225 -0.027829
vn 0.021929 -0.999225 -0.032701
vn 0.015161 -0.999223 -0.036387
vn 0.007743 -0.999220 -0.038714
vn 0.015548 -0.999874 -0.003110
vn 0.014614 -0.999875 -0.006089
vn 0.013133 -0.999875 -0.008807
vn 0.011177 -0.999875 -0.011177
vn 0.008807 -0.999875 -0.013133
vn 0.006089 -0.999875 -0.014614
vn 0.003110 -0.999874 -0.015548
f 1//1 2//2 3//3
f 1//1 3//3 4//4
f 4//4 3//3 5//5
f 4//4 5//5 6//6
f 6//6 5//5 7//7
f 6//6 7//7 8//8
f 8//8 7//7 9//9
f 8//8 9//9 10//10
f 10//10 9//9 11//11
f 10//10 11//11 12//12
f 12//12 11//11 13//13
f 12//12 13//13 14//14
f 14//14 13//13 15//15
f 14//14 15//15 16//16
f 16//16 15//15 17//17
f 16//16 17//17 18//18
f 2//2 19//19 20//20
f 2//2 20//20 3//3
f 3//3 20//20 21//21
f 3//3 21//21 5//5
f 5//5 21//21 22//22
f 5//5 22//22 7//7
f 7//7 22//22 23//23
f 7//7 23//23 9//9
f 9//9 23//23 24//24
f 9//9 24//24 11//11
f 11//11 24//24 25//25
f 11//11 25//25 13//13
f 13//13 25//25 26//26
f 13//13 26//26 15//15
f 15//15 26//26 27//27
f 15//15 27//27 17//17
f 19//19 28//28 29//29
f 19//19 29//29 20//20
f 20//20 29//29 30//30
f 20//20 30//30 21//21
f 21//21 30//30 31//31
f 21//21 31//31 22//22
f 22//22 31//31 32//32
f 22//22 32//32 23//23
f 23//23 32//32 33//33
f 23//23 33//33 24//24
f 24//24 33//33 34//34
f 24//24 34//34 25//25
f 25//25 34//34 35//35
f 25//25 35//35 26//26
f 26//26 35//35 36//36
f 26//26 36//36 27//27
f 28//28 37//37 38//38
f 28//28 38//38 29//29
f 29//29 38//38 39//39
f 29//29 39//39 30//30
f 30//30 39//39 40//40
f 30//30 40//40 31//31
f 31//31 40//40 41//41
f 31//31 41//41 32//32
f 32//32 41//41 42//42
f 32//32 42//42 33//33
f 33//33 42//42 43//43
f 33//33 43//43 34//34
f 34//34 43//43 44//44
f 34//34 44//44 35//35
f 35//35 44//44 45//45
f 35//35 45//45 36//36
f 37//37 46//46 47//47
f 37//37 47//47 38//38
f 38//38 47//47 48//48
f 38//38 48//48 39//39
f 39//39 48//48 49//49
f 39//39 49//49 40//40
f 40//40 49//49 50//50
f 40//40 50//50 41//41
f 41//41 50//50 51//51
f 41//41 51//51 42//42
f 42//42 51//51 52//52
f 42//42 52//52 43//43
f 43//43 52//52 53//53
f 43//43 53//53 44//44
f 44//44 53//53 54//54
f 44//44 54//54 45//45
f 46//46 55//55 56//56
f 46//46 56//56 47//47
f 47//47 56//56 57//57
f 47//47 57//57 48//48
f 48//48 57//57 58//58
f 48//48 58//58 49//49
f 49//49 58//58 59//59
f 49//49 59//59 50//50
f 50//50 59//59 60//60
f 50//50 60//60 51//51
f 51//51 60//60 61//61
f 51//51 61//61 52//52
f 52//52 61//61 62//62
f 52//52 62//62 53//53
f 53//53 62//62 63//63
f 53//53 63//63 54//54
f 55//55 64//64 65//65
f 55//55 65//65 56//56
f 56//56 65//65 66//66
f 56//56 66//66 57//57
f 57//57 66//66 67//67
f 57//57 67//67 58//58
f 58//58 67//67 68//68
f 58//58 68//68 59//59
f 59//59 68//68 69//69
f 59//59 69//69 60//60
f 60//60 69//69 70//70
f 60//60 70//70 61//61
f 61//61 70//70 71//71
f 61//61 71//71 62//62
f 62//62 71//71 72//72
f 62//62 72//72 63//63
f 64//64 73//73 74//74
f 64//64 74//74 65//65
f 65//65 74//74 75//75
f 65//65 75//75 66//66
f 66//66 75//75 76//76
f 66//66 76//76 67//67
f 67//67 76//76 77//77
f 67//67 77//77 68//68
f 68//68 77//77 78//78
f 68//68 78//78 69//69
f 69//69 78//78 79//79
f 69//69 79//79 70//70
f 70//70 79//79 80//80
f 70//70 80//80 71//71
f 71//71 80//80 81//81
f 71//71 81//81 72//72
f 82//82 83//83 84//84
f 82//82 84//84 85//85
f 85//85 84//84 86//86
f 85//85 86//86 87//87
f 87//87 86//86 88//88
f 87//87 88//88 89//89
f 89//89 88//88 90//90
f 89//89 90//90 91//91
f 91//91 90//90 92//92
f 91//91 92//92 93//93
f 93//93 92//92 94//94
f 93//93 94//94 95//95
f 95//95 94//94 96//96
f 95//95 96//96 97//97
f 97//97 96//96 2//2
f 97//97 2//2 1//1
f 83//83 98//98 99//99
f 83//83 99//99 84//84
f 84//84 99//99 100//100
f 84//84 100//100 86//86
f 86//86 100//100 101//101
f 86//86 101//101 88//88
f 88//88 101//101 102//102
f 88//88 102//102 90//90
f 90//90 102//102 103//103
f 90//90 103//103 92//92
f 92//92 103//103 104//104
f 92//92 104//104 94//94
f 94//94 104//104 105//105
f 94//94 105//105 96//96
f 96//96 105//105 19//19
f 96//96 19//19 2//2
f 98//98 106//106 107//107
f 98//98 107//107 99//99
f 99//99 107//107 108//108
f 99//99 108//108 100//100
f 100//100 108//108 109//109
f 100//100 109//109 101//101
f 101//101 109//109 110//110
f 101//101 110//110 102//102
f 102//102 110//110 111//111
f 102//102 111//111 103//103
f 103//103 111//111 112//112
f 103//103 112//112 104//104
f 104//104 112//112 113//113
f 104//104 113//113 105//105
f 105//105 113//113 28//28
f 105//105 28//28 19//19
f 106//106 114//114 115//115
f 106//106 115//115 107//107
f 107//107 115//115 116//116
f 107//107 116//116 108//108
f 108//108 116//116 117//117
f 108//108 117//117 109//109
f 109//109 117//117 118//118
f 109//109 118//118 110//110
f 110//110 118//118 119//119
f 110//110 119//119 111//111
f 111//111 119//119 120//120
f 111//111 120//120 112//112
f 112//112 120//120 121//121
f 112//112 121//121 113//113
f 113//113 121//121 37//37
f 113//113 37//37 28//28
f 114//114 122//122 123//123
f 114//114 123//123 115//115
f 115//115 123//123 124//124
f 115//115 124//124 116//116
f 116//116 124//124 125//125
f 116//116 125//125 117//117
f 117//117 125//125 126//126
f 117//117 126//126 118//118
f 118//118 126//126 127//127
f 118//118 127//127 119//119
f 119//119 127//127 128//128
f 119//119 128//128 120//120
f 120//120 128//128 129//129
f 120//120 129//129 121//121
f 121//121 129//129 46//46
f 121//121 46//46 37//37
f 122//122 130//130 131//131
f 122//122 131//131 123//123
f 123//123 131//131 132//132
f 123//123 132//132 124//124
f 124//124 132//132 133//133
f 124//124 133//133 125//125
f 125//125 133//133 134//134
f 125//125 134//134 126//126
f 126//126 134//134 135//135
f 126//126 135//135 127//127
f 127//127 135//135 136//136
f 127//127 136//136 128//128
f 128//128 136//136 137//137
f 128//128 137//137 129//129
f 129//129 137//137 55//55
f 129//129 55//55 46//46
f 130//130 138//138 139//139
f 130//130 139//139 131//131
f 131//131 139//139 140//140
f 131//131 140//140 132//132
f 132//132 140//140 141//141
f 132//132 141//141 133//133
f 133//133 141//141 142//142
f 133//133 142//142 134//134
f 134//134 142//142 143//143
f 134//134 143//143 135//135
f 135//135 143//143 144//144
f 135//135 144//144 136//136
f 136//136 144//144 145//145
f 136//136 145//145 137//137
f 137//137 145//145 64//64
f 137//137 64//64 55//55
f 138//138 146//146 147//147
f 138//138 147//147 139//139
f 139//139 147//147 148//148
f 139//139 148//148 140//140
f 140//140 148//148 149//149
f 140//140 149//149 141//141
f 141//141 149//149 150//150
f 141//141 150//150 142//142
f 142//142 150//150 151//151
f 142//142 151//151 143//143
f 143//143 151//151 152//152
f 143//143 152//152 144//144
f 144//144 152//152 153//153
f 144//144 153//153 145//145
f 145//145 153//153 73//73
f 145//145 73//73 64//64
f 154//154 155//155 156//156
f 154//154 156//156 157//157
f 157//157 156//156 158//158
f 157//157 158//158 159//159
f 159//159 158//158 160//160
f 159//159 160//160 161//161
f 161//161 160//160 162//162
f 161//161 162//162 163//163
f 163//163 162//162 164//164
f 163//163 164//164 165//165
f 165//165 164//164 166//166
f 165//165 166//166 167//167
f 167//167 166//166 168//168
f 167//167 168//168 169//169
f 169//169 168//168 83//83
f 169//169 83//83 82//82
f 155//155 170//170 171//171
f 155//155 171//171 156//156
f 156//156 171//171 172//172
f 156//156 172//172 158//158
f 158//158 172//172 173//173
f 158//158 173//173 160//160
f 160//160 173//173 174//174
f 160//160 174//174 162//162
f 162//162 174//174 175//175
f 162//162 175//175 164//164
f 164//164 175//175 176//176
f 164//164 176//176 166//166
f 166//166 176//176 177//177
f 166//166 177//177 168//168
f 168//168 177//177 98//98
f 168//168 98//98 83//83
f 170//170 178//178 179//179
f 170//170 179//179 171//171
f 171//171 179//179 180//180
f 171//171 180//180 172//172
f 172//172 180//180 181//181
f 172//172 181//181 173//173
f 173//173 181//181 182//182
f 173//173 182//182 174//174
f 174//174 182//182 183//183
f 174//174 183//183 175//175
f 175//175 183//183 184//184
f 175//175 184//184 176//176
f 176//176 184//184 185//185
f 176//176 185//185 177//177
f 177//177 185//185 106//106
f 177//177 106//106 98//98
f 178//178 186//186 187//187
f 178//178 187//187 179//179
f 179//179 187//187 188//188
f 179//179 188//188 180//180
f 180//180 188//188 189//189
f 180//180 189//189 181//181
f 181//181 189//189 190//190
f 181//181 190//190 182//182
f 182//182 190//190 191//191
f 182//182 191//191 183//183
f 183//183 191//191 192//192
f 183//183 192//192 184//184
f 184//184 192//192 193//193
f 184//184 193//193 185//185
f 185//185 193//193 114//114
f 185//185 114//114 106//106
f 186//186 194//194 195//195
f 186//186 195//195 187//187
f 187//187 195//195 196//196
f 187//187 196//196 188//188
f 188//188 196//196 197//197
f 188//188 197//197 189//189
f 189//189 197//197 198//198
f 189//189 198//198 190//190
f 190//190 198//198 199//199
f 190//190 199//199 191//191
f 191//191 199//199 200//200
f 191//191 200//200 192//192
f 192//192 200//200 201//201
f 192//192 201//201 193//193
f 193//193 201//201 122//122
f 193//193 122//122 114//114
f 194//194 202//202 203//203
f 194//194 203//203 195//195
f 195//195 203//203 204//204
f 195//195 204//204 196//196
f 196//196 204//204 205//205
f 196//196 205//205 197//197
f 197//197 205//205 206//206
f 197//197 206//206 198//198
f 198//198 206//206 207//207
f 198//198 207//207 199//199
f 199//199 207//207 208//208
f 199//199 208//208 200//200
f 200//200 208//208 209//209
f 200//200 209//209 201//201
f 201//201 209//209 130//130
f 201//201 130//130 122//122
f 202//202 210//210 211//211
f 202//202 211//211 203//203
f 203//203 211//211 212//212
f 203//203 212//212 204//204
f 204//204 212//212 213//213
f 204//204 213//213 205//205
f 205//205 213//213 214//214
f 205//205 214//214 206//206
f 206//206 214//214 215//215
f 206//206 215//215 207//207
f 207//207 215//215 216//216
f 207//207 216//216 208//208
f 208//208 216//216 217//217
f 208//208 217//217 209//209
f 209//209 217//217 138//138
f 209//209 138//138 130//130
f 210//210 218//218 219//219
f 210//210 219//219 211//211
f 211//211 219//219 220//220
f 211//211 220//220 212//212
f 212//212 220//220 221//221
f 212//212 221//221 213//213
f 213//213 221//221 222//222
f 213//213 222//222 214//214
f 214//214 222//222 223//223
f 214//214 223//223 215//215
f 215//215 223//223 224//224
f 215//215 224//224 216//216
f 216//216 224//224 225//225
f 216//216 225//225 217//217
f 217//217 225//225 146//146
f 217//217 146//146 138//138
f 18//18 17//17 226//226
f 18//18 226//226 227//227
f 227//227 226//226 228//228
f 227//227 228//228 229//229
f 229//229 228//228 230//230
f 229//229 230//230 231//231
f 231//231 230//230 232//232
f 231//231 232//232 233//233
f 233//233 232//232 234//234
f 233//233 234//234 235//235
f 235//235 234//234 236//236
f 235//235 236//236 237//237
f 237//237 236//236 238//238
f 237//237 238//238 239//239
f 239//239 238//238 155//155
f 239//239 155//155 154//154
f 17//17 27//27 240//240
f 17//17 240//240 226//226
f 226//226 240//240 241//241
f 226//226 241//241 228//228
f 228//228 241//241 242//242
f 228//228 242//242 230//230
f 230//230 242//242 243//243
f 230//230 243//243 232//232
f 232//232 243//243 244//244
f 232//232 244//244 234//234
f 234//234 244//244 245//245
f 234//234 245//245 236//236
f 236//236 245//245 246//246
f 236//236 246//246 238//238
f 238//238 246//246 170//170
f 238//238 170//170 155//155
f 27//27 36//36 247//247
f 27//27 247//247 240//240
f 240//240 247//247 248//248
f 240//240 248//248 241//241
f 241//241 248//248 249//249
f 241//241 249//249 242//242
f 242//242 249//249 250//250
f 242//242 250//250 243//243
f 243//243 250//250 251//251
f 243//243 251//251 244//244
f 244//244 251//251 252//252
f 244//244 252//252 245//245
f 245//245 252//252 253//253
f 245//245 253//253 246//246
f 246//246 253//253 178//178
f 246//246 178//178 170//170
f 36//36 45//45 254//254
f 36//36 254//254 247//247
f 247//247 254//254 255//255
f 247//247 255//255 248//248
f 248//248 255//255 256//256
f 248//248 256//256 249//249
f 249//249 256//256 257//257
f 249//249 257//257 250//250
f 250//250 257//257 258//258
f 250//250 258//258 251//251
f 251//251 258//258 259//259
f 251//251 259//259 252//252
f 252//252 259//259 260//260
f 252//252 260//260 253//253
f 253//253 260//260 186//186
f 253//253 186//186 178//178
f 45//45 54//54 261//261
f 45//45 261//261 254//254
f 254//254 261//261 262//262
f 254//254 262//262 255//255
f 255//255 262//262 263//263
f 255//255 263//263 256//256
f 256//256 263//263 264//264
f 256//256 264//264 257//257
f 257//257 264//264 265//265
f 257//257 265//265 258//258
f 258//258 265//265 266//266
f 258//258 266//266 259//259
f 259//259 266//266 267//267
f 259//259 267//267 260//260
f 260//260 267//267 194//194
f 260//260 194//194 186//186
f 54//54 63//63 268//268
f 54//54 268//268 261//261
f 261//261 268//268 269//269
f 261//261 269//269 262//262
f 262//262 269//269 270//270
f 262//262 270//270 263//263
f 263//263 270//270 271//271
f 263//263 271//271 264//264
f 264//264 271//271 272//272
f 264//264 272//272 265//265
f 265//265 272//272 273//273
f 265//265 273//273 266//266
f 266//266 273//273 274//274
f 266//266 274//274 267//267
f 267//267 274//274 202//202
f 267//267 202//202 194//194
f 63//63 72//72 275//275
f 63//63 275//275 268//268
f 268//268 275//275 276//276
f 268//268 276//276 269//269
f 269//269 276//276 277//277
f 269//269 277//277 270//270
f 270//270 277//277 278//278
f 270//270 278//278 271//271
f 271//271 278//278 279//279
f 271//271 279//279 272//272
f 272//272 279//279 280//280
f 272//272 280//280 273//273
f 273//273 280//280 281//281
f 273//273 281//281 274//274
f 274//274 281//281 210//210
f 274//274 210//210 202//202
f 72//72 81//81 282//282
f 72//72 282//282 275//275
f 275//275 282//282 283//283
f 275//275 283//283 276//276
f 276//276 283//283 284//284
f 276//276 284//284 277//277
f 277//277 284//284 285//285
f 277//277 285//285 278//278
f 278//278 285//285 286//286
f 278//278 286//286 279//279
f 279//279 286//286 287//287
f 279//279 287//287 280//280
f 280//280 287//287 288//288
f 280//280 288//288 281//281
f 281//281 288//288 218//218
f 281//281 218//218 210//210
f 289//289 290//290 291//291
f 289//289 291//291 292//292
f 292//292 291//291 293//293
f 292//292 293//293 294//294
f 294//294 293//293 295//295
f 294//294 295//295 296//296
f 296//296 295//295 297//297
f 296//296 297//297 298//298
f 298//298 297//297 299//299
f 298//298 299//299 300//300
f 300//300 299//299 301//301
f 300//300 301//301 302//302
f 302//302 301//301 303//303
f 302//302 303//303 304//304
f 304//304 303//303 305//305
f 304//304 305//305 306//306
f 290//290 307//307 308//308
f 290//290 308//308 291//291
f 291//291 308//308 309//309
f 291//291 309//309 293//293
f 293//293 309//309 310//310
f 293//293 310//310 295//295
f 295//295 310//310 311//311
f 295//295 311//311 297//297
f 297//297 311//311 312//312
f 297//297 312//312 299//299
f 299//299 312//312 313//313
f 299//299 313//313 301//301
f 301//301 313//313 314//314
f 301//301 314//314 303//303
f 303//303 314//314 315//315
f 303//303 315//315 305//305
f 307//307 316//316 317//317
f 307//307 317//317 308//308
f 308//308 317//317 318//318
f 308//308 318//318 309//309
f 309//309 318//318 319//319
f 309//309 319//319 310//310
f 310//310 319//319 320//320
f 310//310 320//320 311//311
f 311//311 320//320 321//321
f 311//311 321//321 312//312
f 312//312 321//321 322//322
f 312//312 322//322 313//313
f 313//313 322//322 323//323
f 313//313 323//323 314//314
f 314//314 323//323 324//324
f 314//314 324//324 315//315
f 316//316 325//325 326//326
f 316//316 326//326 317//317
f 317//317 326//326 327//327
f 317//317 327//327 318//318
f 318//318 327//327 328//328
f 318//318 328//328 319//319
f 319//319 328//328 329//329
f 319//319 329//329 320//320
f 320//320 329//329 330//330
f 320//320 330//330 321//321
f 321//321 330//330 331//331
f 321//321 331//331 322//322
f 322//322 331//331 332//332
f 322//322 332//332 323//323
f 323//323 332//332 333//333
f 323//323 333//333 324//324
f 325//325 334//334 335//335
f 325//325 335//335 326//326
f 326//326 335//335 336//336
f 326//326 336//336 327//327
f 327//327 336//336 337//337
f 327//327 337//337 328//328
f 328//328 337//337 338//338
f 328//328 338//338 329//329
f 329//329 338//338 339//339
f 329//329 339//339 330//330
f 330//330 339//339 340//340
f 330//330 340//340 331//331
f 331//331 340//340 341//341
f 331//331 341//341 332//332
f 332//332 341//341 342//342
f 332//332 342//342 333//333
f 334//334 343//343 344//344
f 334//334 344//344 335//335
f 335//335 344//344 345//345
f 335//335 345//345 336//336
f 336//336 345//345 346//346
f 336//336 346//346 337//337
f 337//337 346//346 347//347
f 337//337 347//347 338//338
f 338//338 347//347 348//348
f 338//338 348//348 339//339
f 339//339 348//348 349//349
f 339//339 349//349 340//340
f 340//340 349//349 350//350
f 340//340 350//350 341//341
f 341//341 350//350 351//351
f 341//341 351//351 342//342
f 343//343 352//352 353//353
f 343//343 353//353 344//344
f 344//344 353//353 354//354
f 344//344 354//354 345//345
f 345//345 354//354 355//355
f 345//345 355//355 346//346
f 346//346 355//355 356//356
f 346//346 356//356 347//347
f 347//347 356//356 357//357
f 347//347 357//357 348//348
f 348//348 357//357 358//358
f 348//348 358//358 349//349
f 349//349 358//358 359//359
f 349//349 359//359 350//350
f 350//350 359//359 360//360
f 350//350 360//360 351//351
f 352//352 1//1 4//4
f 352//352 4//4 353//353
f 353//353 4//4 6//6
f 353//353 6//6 354//354
f 354//354 6//6 8//8
f 354//354 8//8 355//355
f 355//355 8//8 10//10
f 355//355 10//10 356//356
f 356//356 10//10 12//12
f 356//356 12//12 357//357
f 357//357 12//12 14//14
f 357//357 14//14 358//358
f 358//358 14//14 16//16
f 358//358 16//16 359//359
f 359//359 16//16 18//18
f 359//359 18//18 360//360
f 361//361 362//362 363//363
f 361//361 363//363 364//364
f 364//364 363//363 365//365
f 364//364 365//365 366//366
f 366//366 365//365 367//367
f 366//366 367//367 368//368
f 368//368 367//367 369//369
f 368//368 369//369 370//370
f 370//370 369//369 371//371
f 370//370 371//371 372//372
f 372//372 371//371 373//373
f 372//372 373//373 374//374
f 374//374 373//373 375//375
f 374//374 375//375 376//376
f 376//376 375//375 290//290
f 376//376 290//290 289//289
f 362//362 377//377 378//378
f 362//362 378//378 363//363
f 363//363 378//378 379//379
f 363//363 379//379 365//365
f 365//365 379//379 380//380
f 365//365 380//380 367//367
f 367//367 380//380 381//381
f 367//367 381//381 369//369
f 369//369 381//381 382//382
f 369//369 382//382 371//371
f 371//371 382//382 383//383
f 371//371 383//383 373//373
f 373//373 383//383 384//384
f 373//373 384//384 375//375
f 375//375 384//384 307//307
f 375//375 307//307 290//290
f 377//377 385//385 386//386
f 377//377 386//386 378//378
f 378//378 386//386 387//387
f 378//378 387//387 379//379
f 379//379 387//387 388//388
f 379//379 388//388 380//380
f 380//380 388//388 389//389
f 380//380 389//389 381//381
f 381//381 389//389 390//390
f 381//381 390//390 382//382
f 382//382 390//390 391//391
f 382//382 391//391 383//383
f 383//383 391//391 392//392
f 383//383 392//392 384//384
f 384//384 392//392 316//316
f 384//384 316//316 307//307
f 385//385 393//393 394//394
f 385//385 394//394 386//386
f 386//386 394//394 395//395
f 386//386 395//395 387//387
f 387//387 395//395 396//396
f 387//387 396//396 388//388
f 388//388 396//396 397//397
f 388//388 397//397 389//389
f 389//389 397//397 398//398
f 389//389 398//398 390//390
f 390//390 398//398 399//399
f 390//390 399//399 391//391
f 391//391 399//399 400//400
f 391//391 400//400 392//392
f 392//392 400//400 325//325
f 392//392 325//325 316//316
f 393//393 401//401 402//402
f 393//393 402//402 394//394
f 394//394 402//402 403//403
f 394//394 403//403 395//395
f 395//395 403//403 404//404
f 395//395 404//404 396//396
f 396//396 404//404 405//405
f 396//396 405//405 397//397
f 397//397 405//405 406//406
f 397//397 406//406 398//398
f 398//398 406//406 407//407
f 398//398 407//407 399//399
f 399//399 407//407 408//408
f 399//399 408//408 400//400
f 400//400 408//408 334//334
f 400//400 334//334 325//325
f 401//401 409//409 410//410
f 401//401 410//410 402//402
f 402//402 410//410 411//411
f 402//402 411//411 403//403
f 403//403 411//411 412//412
f 403//403 412//412 404//404
f 404//404 412//412 413//413
f 404//404 413//413 405//405
f 405//405 413//413 414//414
f 405//405 414//414 406//406
f 406//406 414//414 415//415
f 406//406 415//415 407//407
f 407//407 415//415 416//416
f 407//407 416//416 408//408
f 408//408 416//416 343//343
f 408//408 343//343 334//334
f 409//409 417//417 418//418
f 409//409 418//418 410//410
f 410//410 418//418 419//419
f 410//410 419//419 411//411
f 411//411 419//419 420//420
f 411//411 420//420 412//412
f 412//412 420//420 421//421
f 412//412 421//421 413//413
f 413//413 421//421 422//422
f 413//413 422//422 414//414
f 414//414 422//422 423//423
f 414//414 423//423 415//415
f 415//415 423//423 424//424
f 415//415 424//424 416//416
f 416//416 424//424 352//352
f 416//416 352//352 343//343
f 417//417 82//82 85//85
f 417//417 85//85 418//418
f 418//418 85//85 87//87
f 418//418 87//87 419//419
f 419//419 87//87 89//89
f 419//419 89//89 420//420
f 420//420 89//89 91//91
f 420//420 91//91 421//421
f 421//421 91//91 93//93
f 421//421 93//93 422//422
f 422//422 93//93 95//95
f 422//422 95//95 423//423
f 423//423 95//95 97//97
f 423//423 97//97 424//424
f 424//424 97//97 1//1
f 424//424 1//1 352//352
f 425//425 426//426 427//427
f 425//425 427//427 428//428
f 428//428 427//427 429//429
f 428//428 429//429 430//430
f 430//430 429//429 431//431
f 430//430 431//431 432//432
f 432//432 431//431 433//433
f 432//432 433//433 434//434
f 434//434 433//433 435//435
f 434//434 435//435 436//436
f 436//436 435//435 437//437
f 436//436 437//437 438//438
f 438//438 437//437 439//439
f 438//438 439//439 440//440
f 440//440 439//439 362//362
f 440//440 362//362 361//361
f 426//426 441//441 442//442
f 426//426 442//442 427//427
f 427//427 442//442 443//443
f 427//427 443//443 429//429
f 429//429 443//443 444//444
f 429//429 444//444 431//431
f 431//431 444//444 445//445
f 431//431 445//445 433//433
f 433//433 445//445 446//446
f 433//433 446//446 435//435
f 435//435 446//446 447//447
f 435//435 447//447 437//437
f 437//437 447//447 448//448
f 437//437 448//448 439//439
f 439//439 448//448 377//377
f 439//439 377//377 362//362
f 441//441 449//449 450//450
f 441//441 450//450 442//442
f 442//442 450//450 451//451
f 442//442 451//451 443//443
f 443//443 451//451 452//452
f 443//443 452//452 444//444
f 444//444 452//452 453//453
f 444//444 453//453 445//445
f 445//445 453//453 454//454
f 445//445 454//454 446//446
f 446//446 454//454 455//455
f 446//446 455//455 447//447
f 447//447 455//455 456//456
f 447//447 456//456 448//448
f 448//448 456//456 385//385
f 448//448 385//385 377//377
f 449//449 457//457 458//458
f 449//449 458//458 450//450
f 450//450 458//458 459//459
f 450//450 459//459 451//451
f 451//451 459//459 460//460
f 451//451 460//460 452//452
f 452//452 460//460 461//461
f 452//452 461//461 453//453
f 453//453 461//461 462//462
f 453//453 462//462 454//454
f 454//454 462//462 463//463
f 454//454 463//463 455//455
f 455//455 463//463 464//464
f 455//455 464//464 456//456
f 456//456 464//464 393//393
f 456//456 393//393 385//385
f 457//457 465//465 466//466
f 457//457 466//466 458//458
f 458//458 466//466 467//467
f 458//458 467//467 459//459
f 459//459 467//467 468//468
f 459//459 468//468 460//460
f 460//460 468//468 469//469
f 460//460 469//469 461//461
f 461//461 469//469 470//470
f 461//461 470//470 462//462
f 462//462 470//470 471//471
f 462//462 471//471 463//463
f 463//463 471//471 472//472
f 463//463 472//472 464//464
f 464//464 472//472 401//401
f 464//464 401//401 393//393
f 465//465 473//473 474//474
f 465//465 474//474 466//466
f 466//466 474//474 475//475
f 466//466 475//475 467//467
f 467//467 475//475 476//476
f 467//467 476//476 468//468
f 468//468 476//476 477//477
f 468//468 477//477 469//469
f 469//469 477//477 478//478
f 469//469 478//478 470//470
f 470//470 478//478 479//479
f 470//470 479//479 471//471
f 471//471 479//479 480//480
f 471//471 480//480 472//472
f 472//472 480//480 409//409
f 472//472 409//409 401//401
f 473//473 481//481 482//482
f 473//473 482//482 474//474
f 474//474 482//482 483//483
f 474//474 483//483 475//475
f 475//475 483//483 484//484
f 475//475 484//484 476//476
f 476//476 484//484 485//485
f 476//476 485//485 477//477
f 477//477 485//485 486//486
f 477//477 486//486 478//478
f 478//478 486//486 487//487
f 478//478 487//487 479//479
f 479//479 487//487 488//488
f 479//479 488//488 480//480
f 480//480 488//488 417//417
f 480//480 417//417 409//409
f 481//481 154//154 157//157
f 481//481 157//157 482//482
f 482//482 157//157 159//159
f 482//482 159//159 483//483
f 483//483 159//159 161//161
f 483//483 161//161 484//484
f 484//484 161//161 163//163
f 484//484 163//163 485//485
f 485//485 163//163 165//165
f 485//485 165//165 486//486
f 486//486 165//165 167//167
f 486//486 167//167 487//487
f 487//487 167//167 169//169
f 487//487 169//169 488//488
f 488//488 169//169 82//82
f 488//488 82//82 417//417
f 306//306 305//305 489//489
f 306//306 489//489 490//490
f 490//490 489//489 491//491
f 490//490 491//491 492//492
f 492//492 491//491 493//493
f 492//492 493//493 494//494
f 494//494 493//493 495//495
f 494//494 495//495 496//496
f 496//496 495//495 497//497
f 496//496 497//497 498//498
f 498//498 497//497 499//499
f 498//498 499//499 500//500
f 500//500 499//499 501//501
f 500//500 501//501 502//502
f 502//502 501//501 426//426
f 502//502 426//426 425//425
f 305//305 315//315 503//503
f 305//305 503//503 489//489
f 489//489 503//503 504//504
f 489//489 504//504 491//491
f 491//491 504//504 505//505
f 491//491 505//505 493//493
f 493//493 505//505 506//506
f 493//493 506//506 495//495
f 495//495 506//506 507//507
f 495//495 507//507 497//497
f 497//497 507//507 508//508
f 497//497 508//508 499//499
f 499//499 508//508 509//509
f 499//499 509//509 501//501
f 501//501 509//509 441//441
f 501//501 441//441 426//426
f 315//315 324//324 510//510
f 315//315 510//510 503//503
f 503//503 510//510 511//511
f 503//503 511//511 504//504
f 504//504 511//511 512//512
f 504//504 512//512 505//505
f 505//505 512//512 513//513
f 505//505 513//513 506//506
f 506//506 513//513 514//514
f 506//506 514//514 507//507
f 507//507 514//514 515//515
f 507//507 515//515 508//508
f 508//508 515//515 516//516
f 508//508 516//516 509//509
f 509//509 516//516 449//449
f 509//509 449//449 441//441
f 324//324 333//333 517//517
f 324//324 517//517 510//510
f 510//510 517//517 518//518
f 510//510 518//518 511//511
f 511//511 518//518 519//519
f 511//511 519//519 512//512
f 512//512 519//519 520//520
f 512//512 520//520 513//513
f 513//513 520//520 521//521
f 513//513 521//521 514//514
f 514//514 521//521 522//522
f 514//514 522//522 515//515
f 515//515 522//522 523//523
f 515//515 523//523 516//516
f 516//516 523//523 457//457
f 516//516 457//457 449//449
f 333//333 342//342 524//524
f 333//333 524//524 517//517
f 517//517 524//524 525//525
f 517//517 525//525 518//518
f 518//518 525//525 526//526
f 518//518 526//526 519//519
f 519//519 526//526 527//527
f 519//519 527//527 520//520
f 520//520 527//527 528//528
f 520//520 528//528 521//521
f 521//521 528//528 529//529
f 521//521 529//529 522//522
f 522//522 529//529 530//530
f 522//522 530//530 523//523
f 523//523 530//530 465//465
f 523//523 465//465 457//457
f 342//342 351//351 531//531
f 342//342 531//531 524//524
f 524//524 531//531 532//532
f 524//524 532//532 525//525
f 525//525 532//532 533//533
f 525//525 533//533 526//526
f 526//526 533//533 534//534
f 526//526 534//534 527//527
f 527//527 534//534 535//535
f 527//527 535//535 528//528
f 528//528 535//535 536//536
f 528//528 536//536 529//529
f 529//529 536//536 537//537
f 529//529 537//537 530//530
f 530//530 537//537 473//473
f 530//530 473//473 465//465
f 351//351 360//360 538//538
f 351//351 538//538 531//531
f 531//531 538//538 539//539
f 531//531 539//539 532//532
f 532//532 539//539 540//540
f 532//532 540//540 533//533
f 533//533 540//540 541//541
f 533//533 541//541 534//534
f 534//534 541//541 542//542
f 534//534 542//542 535//535
f 535//535 542//542 543//543
f 535//535 543//543 536//536
f 536//536 543//543 544//544
f 536//536 544//544 537//537
f 537//537 544//544 481//481
f 537//537 481//481 473//473
f 360//360 18//18 227//227
f 360//360 227//227 538//538
f 538//538 227//227 229//229
f 538//538 229//229 539//539
f 539//539 229//229 231//231
f 539//539 231//231 540//540
f 540//540 231//231 233//233
f 540//540 233//233 541//541
f 541//541 233//233 235//235
f 541//541 235//235 542//542
f 542//542 235//235 237//237
f 542//542 237//237 543//543
f 543//543 237//237 239//239
f 543//543 239//239 544//544
f 544//544 239//239 154//154
f 544//544 154//154 481//481
f 545//545 546//546 547//547
f 545//545 547//547 548//548
f 548//548 547//547 549//549
f 548//548 549//549 550//550
f 550//550 549//549 551//551
f 550//550 551//551 552//552
f 552//552 551//551 553//553
f 552//552 553//553 554//554
f 554//554 553//553 555//555
f 554//554 555//555 556//556
f 556//556 555//555 557//557
f 556//556 557//557 558//558
f 558//558 557//557 559//559
f 558//558 559//559 560//560
f 560//560 559//559 561//561
f 560//560 561//561 562//562
f 546//546 563//563 564//564
f 546//546 564//564 547//547
f 547//547 564//564 565//565
f 547//547 565//565 549//549
f 549//549 565//565 566//566
f 549//549 566//566 551//551
f 551//551 566//566 567//567
f 551//551 567//567 553//553
f 553//553 567//567 568//568
f 553//553 568//568 555//555
f 555//555 568//568 569//569
f 555//555 569//569 557//557
f 557//557 569//569 570//570
f 557//557 570//570 559//559
f 559//559 570//570 571//571
f 559//559 571//571 561//561
f 563//563 572//572 573//573
f 563//563 573//573 564//564
f 564//564 573//573 574//574
f 564//564 574//574 565//565
f 565//565 574//574 575//575
f 565//565 575//575 566//566
f 566//566 575//575 576//576
f 566//566 576//576 567//567
f 567//567 576//576 577//577
f 567//567 577//577 568//568
f 568//568 577//577 578//578
f 568//568 578//578 569//569
f 569//569 578//578 579//579
f 569//569 579//579 570//570
f 570//570 579//579 580//580
f 570//570 580//580 571//571
f 572//572 581//581 582//582
f 572//572 582//582 573//573
f 573//573 582//582 583//583
f 573//573 583//583 574//574
f 574//574 583//583 584//584
f 574//574 584//584 575//575
f 575//575 584//584 585//585
f 575//575 585//585 576//576
f 576//576 585//585 586//586
f 576//576 586//586 577//577
f 577//577 586//586 587//587
f 577//577 587//587 578//578
f 578//578 587//587 588//588
f 578//578 588//588 579//579
f 579//579 588//588 589//589
f 579//579 589//589 580//580
f 581//581 590//590 591//591
f 581//581 591//591 582//582
f 582//582 591//591 592//592
f 582//582 592//592 583//583
f 583//583 592//592 593//593
f 583//583 593//593 584//584
f 584//584 593//593 594//594
f 584//584 594//594 585//585
f 585//585 594//594 595//595
f 585//585 595//595 586//586
f 586//586 595//595 596//596
f 586//586 596//596 587//587
f 587//587 596//596 597//597
f 587//587 597//597 588//588
f 588//588 597//597 598//598
f 588//588 598//598 589//589
f 590//590 599//599 600//600
f 590//590 600//600 591//591
f 591//591 600//600 601//601
f 591//591 601//601 592//592
f 592//592 601//601 602//602
f 592//592 602//602 593//593
f 593//593 602//602 603//603
f 593//593 603//603 594//594
f 594//594 603//603 604//604
f 594//594 604//604 595//595
f 595//595 604//604 605//605
f 595//595 605//605 596//596
f 596//596 605//605 606//606
f 596//596 606//606 597//597
f 597//597 606//606 607//607
f 597//597 607//607 598//598
f 599//599 608//608 609//609
f 599//599 609//609 600//600
f 600//600 609//609 610//610
f 600//600 610//610 601//601
f 601//601 610//610 611//611
f 601//601 611//611 602//602
f 602//602 611//611 612//612
f 602//602 612//612 603//603
f 603//603 612//612 613//613
f 603//603 613//613 604//604
f 604//604 613//613 614//614
f 604//604 614//614 605//605
f 605//605 614//614 615//615
f 605//605 615//615 606//606
f 606//606 615//615 616//616
f 606//606 616//616 607//607
f 608//608 289//289 292//292
f 608//608 292//292 609//609
f 609//609 292//292 294//294
f 609//609 294//294 610//610
f 610//610 294//294 296//296
f 610//610 296//296 611//611
f 611//611 296//296 298//298
f 611//611 298//298 612//612
f 612//612 298//298 300//300
f 612//612 300//300 613//613
f 613//613 300//300 302//302
f 613//613 302//302 614//614
f 614//614 302//302 304//304
f 614//614 304//304 615//615
f 615//615 304//304 306//306
f 615//615 306//306 616//616
f 617//617 618//618 619//619
f 617//617 619//619 620//620
f 620//620 619//619 621//621
f 620//620 621//621 622//622
f 622//622 621//621 623//623
f 622//622 623//623 624//624
f 624//624 623//623 625//625
f 624//624 625//625 626//626
f 626//626 625//625 627//627
f 626//626 627//627 628//628
f 628//628 627//627 629//629
f 628//628 629//629 630//630
f 630//630 629//629 631//631
f 630//630 631//631 632//632
f 632//632 631//631 546//546
f 632//632 546//546 545//545
f 618//618 633//633 634//634
f 618//618 634//634 619//619
f 619//619 634//634 635//635
f 619//619 635//635 621//621
f 621//621 635//635 636//636
f 621//621 636//636 623//623
f 623//623 636//636 637//637
f 623//623 637//637 625//625
f 625//625 637//637 638//638
f 625//625 638//638 627//627
f 627//627 638//638 639//639
f 627//627 639//639 629//629
f 629//629 639//639 640//640
f 629//629 640//640 631//631
f 631//631 640//640 563//563
f 631//631 563//563 546//546
f 633//633 641//641 642//642
f 633//633 642//642 634//634
f 634//634 642//642 643//643
f 634//634 643//643 635//635
f 635//635 643//643 644//644
f 635//635 644//644 636//636
f 636//636 644//644 645//645
f 636//636 645//645 637//637
f 637//637 645//645 646//646
f 637//637 646//646 638//638
f 638//638 646//646 647//647
f 638//638 647//647 639//639
f 639//639 647//647 648//648
f 639//639 648//648 640//640
f 640//640 648//648 572//572
f 640//640 572//572 563//563
f 641//641 649//649 650//650
f 641//641 650//650 642//642
f 642//642 650//650 651//651
f 642//642 651//651 643//643
f 643//643 651//651 652//652
f 643//643 652//652 644//644
f 644//644 652//652 653//653
f 644//644 653//653 645//645
f 645//645 653//653 654//654
f 645//645 654//654 646//646
f 646//646 654//654 655//655
f 646//646 655//655 647//647
f 647//647 655//655 656//656
f 647//647 656//656 648//648
f 648//648 656//656 581//581
f 648//648 581//581 572//572
f 649//649 657//657 658//658
f 649//649 658//658 650//650
f 650//650 658//658 659//659
f 650//650 659//659 651//651
f 651//651 659//659 660//660
f 651//651 660//660 652//652
f 652//652 660//660 661//661
f 652//652 661//661 653//653
f 653//653 661//661 662//662
f 653//653 662//662 654//654
f 654//654 662//662 663//663
f 654//654 663//663 655//655
f 655//655 663//663 664//664
f 655//655 664//664 656//656
f 656//656 664//664 590//590
f 656//656 590//590 581//581
f 657//657 665//665 666//666
f 657//657 666//666 658//658
f 658//658 666//666 667//667
f 658//658 667//667 659//659
f 659//659 667//667 668//668
f 659//659 668//668 660//660
f 660//660 668//668 669//669
f 660//660 669//669 661//661
f 661//661 669//669 670//670
f 661//661 670//670 662//662
f 662//662 670//670 671//671
f 662//662 671//671 663//663
f 663//663 671//671 672//672
f 663//663 672//672 664//664
f 664//664 672//672 599//599
f 664//664 599//599 590//590
f 665//665 673//673 674//674
f 665//665 674//674 666//666
f 666//666 674//674 675//675
f 666//666 675//675 667//667
f 667//667 675//675 676//676
f 667//667 676//676 668//668
f 668//668 676//676 677//677
f 668//668 677//677 669//669
f 669//669 677//677 678//678
f 669//669 678//678 670//670
f 670//670 678//678 679//679
f 670//670 679//679 671//671
f 671//671 679//679 680//680
f 671//671 680//680 672//672
f 672//672 680//680 608//608
f 672//672 608//608 599//599
f 673//673 361//361 364//364
f 673//673 364//364 674//674
f 674//674 364//364 366//366
f 674//674 366//366 675//675
f 675//675 366//366 368//368
f 675//675 368//368 676//676
f 676//676 368//368 370//370
f 676//676 370//370 677//677
f 677//677 370//370 372//372
f 677//677 372//372 678//678
f 678//678 372//372 374//374
f 678//678 374//374 679//679
f 679//679 374//374 376//376
f 679//679 376//376 680//680
f 680//680 376//376 289//289
f 680//680 289//289 608//608
f 681//681 682//682 683//683
f 681//681 683//683 684//684
f 684//684 683//683 685//685
f 684//684 685//685 686//686
f 686//686 685//685 687//687
f 686//686 687//687 688//688
f 688//688 687//687 689//689
f 688//688 689//689 690//690
f 690//690 689//689 691//691
f 690//690 691//691 692//692
f 692//692 691//691 693//693
f 692//692 693//693 694//694
f 694//694 693//693 695//695
f 694//694 695//695 696//696
f 696//696 695//695 618//618
f 696//696 618//618 617//617
f 682//682 697//697 698//698
f 682//682 698//698 683//683
f 683//683 698//698 699//699
f 683//683 699//699 685//685
f 685//685 699//699 700//700
f 685//685 700//700 687//687
f 687//687 700//700 701//701
f 687//687 701//701 689//689
f 689//689 701//701 702//702
f 689//689 702//702 691//691
f 691//691 702//702 703//703
f 691//691 703//703 693//693
f 693//693 703//703 704//704
f 693//693 704//704 695//695
f 695//695 704//704 633//633
f 695//695 633//633 618//618
f 697//697 705//705 706//706
f 697//697 706//706 698//698
f 698//698 706//706 707//707
f 698//698 707//707 699//699
f 699//699 707//707 708//708
f 699//699 708//708 700//700
f 700//700 708//708 709//709
f 700//700 709//709 701//701
f 701//701 709//709 710//710
f 701//701 710//710 702//702
f 702//702 710//710 711//711
f 702//702 711//711 703//703
f 703//703 711//711 712//712
f 703//703 712//712 704//704
f 704//704 712//712 641//641
f 704//704 641//641 633//633
f 705//705 713//713 714//714
f 705//705 714//714 706//706
f 706//706 714//714 715//715
f 706//706 715//715 707//707
f 707//707 715//715 716//716
f 707//707 716//716 708//708
f 708//708 716//716 717//717
f 708//708 717//717 709//709
f 709//709 717//717 718//718
f 709//709 718//718 710//710
f 710//710 718//718 719//719
f 710//710 719//719 711//711
f 711//711 719//719 720//720
f 711//711 720//720 712//712
f 712//712 720//720 649//649
f 712//712 649//649 641//641
f 713//713 721//721 722//722
f 713//713 722//722 714//714
f 714//714 722//722 723//723
f 714//714 723//723 715//715
f 715//715 723//723 724//724
f 715//715 724//724 716//716
f 716//716 724//724 725//725
f 716//716 725//725 717//717
f 717//717 725//725 726//726
f 717//717 726//726 718//718
f 718//718 726//726 727//727
f 718//718 727//727 719//719
f 719//719 727//727 728//728
f 719//719 728//728 720//720
f 720//720 728//728 657//657
f 720//720 657//657 649//649
f 721//721 729//729 730//730
f 721//721 730//730 722//722
f 722//722 730//730 731//731
f 722//722 731//731 723//723
f 723//723 731//731 732//732
f 723//723 732//732 724//724
f 724//724 732//732 733//733
f 724//724 733//733 725//725
f 725//725 733//733 734//734
f 725//725 734//734 726//726
f 726//726 734//734 735//735
f 726//726 735//735 727//727
f 727//727 735//735 736//736
f 727//727 736//736 728//728
f 728//728 736//736 665//665
f 728//728 665//665 657//657
f 729//729 737//737 738//738
f 729//729 738//738 730//730
f 730//730 738//738 739//739
f 730//730 739//739 731//731
f 731//731 739//739 740//740
f 731//731 740//740 732//732
f 732//732 740//740 741//741
f 732//732 741//741 733//733
f 733//733 741//741 742//742
f 733//733 742//742 734//734
f 734//734 742//742 743//743
f 734//734 743//743 735//735
f 735//735 743//743 744//744
f 735//735 744//744 736//736
f 736//736 744//744 673//673
f 736//736 673//673 665//665
f 737//737 425//425 428//428
f 737//737 428//428 738//738
f 738//738 428//428 430//430
f 738//738 430//430 739//739
f 739//739 430//430 432//432
f 739//739 432//432 740//740
f 740//740 432//432 434//434
f 740//740 434//434 741//741
f 741//741 434//434 436//436
f 741//741 436//436 742//742
f 742//742 436//436 438//438
f 742//742 438//438 743//743
f 743//743 438//438 440//440
f 743//743 440//440 744//744
f 744//744 440//440 361//361
f 744//744 361//361 673//673
f 562//562 561//561 745//745
f 562//562 745//745 746//746
f 746//746 745//745 747//747
f 746//746 747//747 748//748
f 748//748 747//747 749//749
f 748//748 749//749 750//750
f 750//750 749//749 751//751
f 750//750 751//751 752//752
f 752//752 751//751 753//753
f 752//752 753//753 754//754
f 754//754 753//753 755//755
f 754//754 755//755 756//756
f 756//756 755//755 757//757
f 756//756 757//757 758//758
f 758//758 757//757 682//682
f 758//758 682//682 681//681
f 561//561 571//571 759//759
f 561//561 759//759 745//745
f 745//745 759//759 760//760
f 745//745 760//760 747//747
f 747//747 760//760 761//761
f 747//747 761//761 749//749
f 749//749 761//761 762//762
f 749//749 762//762 751//751
f 751//751 762//762 763//763
f 751//751 763//763 753//753
f 753//753 763//763 764//764
f 753//753 764//764 755//755
f 755//755 764//764 765//765
f 755//755 765//765 757//757
f 757//757 765//765 697//697
f 757//757 697//697 682//682
f 571//571 580//580 766//766
f 571//571 766//766 759//759
f 759//759 766//766 767//767
f 759//759 767//767 760//760
f 760//760 767//767 768//768
f 760//760 768//768 761//761
f 761//761 768//768 769//769
f 761//761 769//769 762//762
f 762//762 769//769 770//770
f 762//762 770//770 763//763
f 763//763 770//770 771//771
f 763//763 771//771 764//764
f 764//764 771//771 772//772
f 764//764 772//772 765//765
f 765//765 772//772 705//705
f 765//765 705//705 697//697
f 580//580 589//589 773//773
f 580//580 773//773 766//766
f 766//766 773//773 774//774
f 766//766 774//774 767//767
f 767//767 774//774 775//775
f 767//767 775//775 768//768
f 768//768 775//775 776//776
f 768//768 776//776 769//769
f 769//769 776//776 777//777
f 769//769 777//777 770//770
f 770//770 777//777 778//778
f 770//770 778//778 771//771
f 771//771 778//778 779//779
f 771//771 779//779 772//772
f 772//772 779//779 713//713
f 772//772 713//713 705//705
f 589//589 598//598 780//780
f 589//589 780//780 773//773
f 773//773 780//780 781//781
f 773//773 781//781 774//774
f 774//774 781//781 782//782
f 774//774 782//782 775//775
f 775//775 782//782 783//783
f 775//775 783//783 776//776
f 776//776 783//783 784//784
f 776//776 784//784 777//777
f 777//777 784//784 785//785
f 777//777 785//785 778//778
f 778//778 785//785 786//786
f 778//778 786//786 779//779
f 779//779 786//786 721//721
f 779//779 721//721 713//713
f 598//598 607//607 787//787
f 598//598 787//787 780//780
f 780//780 787//787 788//788
f 780//780 788//788 781//781
f 781//781 788//788 789//789
f 781//781 789//789 782//782
f 782//782 789//789 790//790
f 782//782 790//790 783//783
f 783//783 790//790 791//791
f 783//783 791//791 784//784
f 784//784 791//791 792//792
f 784//784 792//792 785//785
f 785//785 792//792 793//793
f 785//785 793//793 786//786
f 786//786 793//793 729//729
f 786//786 729//729 721//721
f 607//607 616//616 794//794
f 607//607 794//794 787//787
f 787//787 794//794 795//795
f 787//787 795//795 788//788
f 788//788 795//795 796//796
f 788//788 796//796 789//789
f 789//789 796//796 797//797
f 789//789 797//797 790//790
f 790//790 797//797 798//798
f 790//790 798//798 791//791
f 791//791 798//798 799//799
f 791//791 799//799 792//792
f 792//792 799//799 800//800
f 792//792 800//800 793//793
f 793//793 800//800 737//737
f 793//793 737//737 729//729
f 616//616 306//306 490//490
f 616//616 490//490 794//794
f 794//794 490//490 492//492
f 794//794 492//492 795//795
f 795//795 492//492 494//494
f 795//795 494//494 796//796
f 796//796 494//494 496//496
f 796//796 496//496 797//797
f 797//797 496//496 498//498
f 797//797 498//498 798//798
f 798//798 498//498 500//500
f 798//798 500//500 799//799
f 799//799 500//500 502//502
f 799//799 502//502 800//800
f 800//800 502//502 425//425
f 800//800 425//425 737//737
f 801//801 802//802 803//803
f 801//801 803//803 804//804
f 804//804 803//803 805//805
f 804//804 805//805 806//806
f 806//806 805//805 807//807
f 806//806 807//807 808//808
f 808//808 807//807 809//809
f 808//808 809//809 810//810
f 810//810 809//809 811//811
f 810//810 811//811 812//812
f 812//812 811//811 813//813
f 812//812 813//813 814//814
f 814//814 813//813 815//815
f 814//814 815//815 816//816
f 816//816 815//815 817//817
f 816//816 817//817 818//818
f 802//802 819//819 820//820
f 802//802 820//820 803//803
f 803//803 820//820 821//821
f 803//803 821//821 805//805
f 805//805 821//821 822//822
f 805//805 822//822 807//807
f 807//807 822//822 823//823
f 807//807 823//823 809//809
f 809//809 823//823 824//824
f 809//809 824//824 811//811
f 811//811 824//824 825//825
f 811//811 825//825 813//813
f 813//813 825//825 826//826
f 813//813 826//826 815//815
f 815//815 826//826 827//827
f 815//815 827//827 817//817
f 819//819 828//828 829//829
f 819//819 829//829 820//820
f 820//820 829//829 830//830
f 820//820 830//830 821//821
f 821//821 830//830 831//831
f 821//821 831//831 822//822
f 822//822 831//831 832//832
f 822//822 832//832 823//823
f 823//823 832//832 833//833
f 823//823 833//833 824//824
f 824//824 833//833 834//834
f 824//824 834//834 825//825
f 825//825 834//834 835//835
f 825//825 835//835 826//826
f 826//826 835//835 836//836
f 826//826 836//836 827//827
f 828//828 837//837 838//838
f 828//828 838//838 829//829
f 829//829 838//838 839//839
f 829//829 839//839 830//830
f 830//830 839//839 840//840
f 830//830 840//840 831//831
f 831//831 840//840 841//841
f 831//831 841//841 832//832
f 832//832 841//841 842//842
f 832//832 842//842 833//833
f 833//833 842//842 843//843
f 833//833 843//843 834//834
f 834//834 843//843 844//844
f 834//834 844//844 835//835
f 835//835 844//844 845//845
f 835//835 845//845 836//836
f 837//837 846//846 847//847
f 837//837 847//847 838//838
f 838//838 847//847 848//848
f 838//838 848//848 839//839
f 839//839 848//848 849//849
f 839//839 849//849 840//840
f 840//840 849//849 850//850
f 840//840 850//850 841//841
f 841//841 850//850 851//851
f 841//841 851//851 842//842
f 842//842 851//851 852//852
f 842//842 852//852 843//843
f 843//843 852//852 853//853
f 843//843 853//853 844//844
f 844//844 853//853 854//854
f 844//844 854//854 845//845
f 846//846 855//855 856//856
f 846//846 856//856 847//847
f 847//847 856//856 857//857
f 847//847 857//857 848//848
f 848//848 857//857 858//858
f 848//848 858//858 849//849
f 849//849 858//858 859//859
f 849//849 859//859 850//850
f 850//850 859//859 860//860
f 850//850 860//860 851//851
f 851//851 860//860 861//861
f 851//851 861//861 852//852
f 852//852 861//861 862//862
f 852//852 862//862 853//853
f 853//853 862//862 863//863
f 853//853 863//863 854//854
f 855//855 864//864 865//865
f 855//855 865//865 856//856
f 856//856 865//865 866//866
f 856//856 866//866 857//857
f 857//857 866//866 867//867
f 857//857 867//867 858//858
f 858//858 867//867 868//868
f 858//858 868//868 859//859
f 859//859 868//868 869//869
f 859//859 869//869 860//860
f 860//860 869//869 870//870
f 860//860 870//870 861//861
f 861//861 870//870 871//871
f 861//861 871//871 862//862
f 862//862 871//871 872//872
f 862//862 872//872 863//863
f 864//864 873//873 874//874
f 864//864 874//874 865//865
f 865//865 874//874 875//875
f 865//865 875//875 866//866
f 866//866 875//875 876//876
f 866//866 876//876 867//867
f 867//867 876//876 877//877
f 867//867 877//877 868//868
f 868//868 877//877 878//878
f 868//868 878//878 869//869
f 869//869 878//878 879//879
f 869//869 879//879 870//870
f 870//870 879//879 880//880
f 870//870 880//880 871//871
f 871//871 880//880 881//881
f 871//871 881//881 872//872
f 818//818 817//817 882//882
f 818//818 882//882 883//883
f 883//883 882//882 884//884
f 883//883 884//884 885//885
f 885//885 884//884 886//886
f 885//885 886//886 887//887
f 887//887 886//886 888//888
f 887//887 888//888 889//889
f 889//889 888//888 890//890
f 889//889 890//890 891//891
f 891//891 890//890 892//892
f 891//891 892//892 893//893
f 893//893 892//892 894//894
f 893//893 894//894 895//895
f 895//895 894//894 802//802
f 895//895 802//802 801//801
f 817//817 827//827 896//896
f 817//817 896//896 882//882
f 882//882 896//896 897//897
f 882//882 897//897 884//884
f 884//884 897//897 898//898
f 884//884 898//898 886//886
f 886//886 898//898 899//899
f 886//886 899//899 888//888
f 888//888 899//899 900//900
f 888//888 900//900 890//890
f 890//890 900//900 901//901
f 890//890 901//901 892//892
f 892//892 901//901 902//902
f 892//892 902//902 894//894
f 894//894 902//902 819//819
f 894//894 819//819 802//802
f 827//827 836//836 903//903
f 827//827 903//903 896//896
f 896//896 903//903 904//904
f 896//896 904//904 897//897
f 897//897 904//904 905//905
f 897//897 905//905 898//898
f 898//898 905//905 906//906
f 898//898 906//906 899//899
f 899//899 906//906 907//907
f 899//899 907//907 900//900
f 900//900 907//907 908//908
f 900//900 908//908 901//901
f 901//901 908//908 909//909
f 901//901 909//909 902//902
f 902//902 909//909 828//828
f 902//902 828//828 819//819
f 836//836 845//845 910//910
f 836//836 910//910 903//903
f 903//903 910//910 911//911
f 903//903 911//911 904//904
f 904//904 911//911 912//912
f 904//904 912//912 905//905
f 905//905 912//912 913//913
f 905//905 913//913 906//906
f 906//906 913//913 914//914
f 906//906 914//914 907//907
f 907//907 914//914 915//915
f 907//907 915//915 908//908
f 908//908 915//915 916//916
f 908//908 916//916 909//909
f 909//909 916//916 837//837
f 909//909 837//837 828//828
f 845//845 854//854 917//917
f 845//845 917//917 910//910
f 910//910 917//917 918//918
f 910//910 918//918 911//911
f 911//911 918//918 919//919
f 911//911 919//919 912//912
f 912//912 919//919 920//920
f 912//912 920//920 913//913
f 913//913 920//920 921//921
f 913//913 921//921 914//914
f 914//914 921//921 922//922
f 914//914 922//922 915//915
f 915//915 922//922 923//923
f 915//915 923//923 916//916
f 916//916 923//923 846//846
f 916//916 846//846 837//837
f 854//854 863//863 924//924
f 854//854 924//924 917//917
f 917//917 924//924 925//925
f 917//917 925//925 918//918
f 918//918 925//925 926//926
f 918//918 926//926 919//919
f 919//919 926//926 927//927
f 919//919 927//927 920//920
f 920//920 927//927 928//928
f 920//920 928//928 921//921
f 921//921 928//928 929//929
f 921//921 929//929 922//922
f 922//922 929//929 930//930
f 922//922 930//930 923//923
f 923//923 930//930 855//855
f 923//923 855//855 846//846
f 863//863 872//872 931//931
f 863//863 931//931 924//924
f 924//924 931//931 932//932
f 924//924 932//932 925//925
f 925//925 932//932 933//933
f 925//925 933//933 926//926
f 926//926 933//933 934//934
f 926//926 934//934 927//927
f 927//927 934//934 935//935
f 927//927 935//935 928//928
f 928//928 935//935 936//936
f 928//928 936//936 929//929
f 929//929 936//936 937//937
f 929//929 937//937 930//930
f 930//930 937//937 864//864
f 930//930 864//864 855//855
f 872//872 881//881 938//938
f 872//872 938//938 931//931
f 931//931 938//938 939//939
f 931//931 939//939 932//932
f 932//932 939//939 940//940
f 932//932 940//940 933//933
f 933//933 940//940 941//941
f 933//933 941//941 934//934
f 934//934 941//941 942//942
f 934//934 942//942 935//935
f 935//935 942//942 943//943
f 935//935 943//943 936//936
f 936//936 943//943 944//944
f 936//936 944//944 937//937
f 937//937 944//944 873//873
f 937//937 873//873 864//864
f 945//945 946//946 947//947
f 945//945 947//947 948//948
f 948//948 947//947 949//949
f 948//948 949//949 950//950
f 950//950 949//949 951//951
f 950//950 951//951 952//952
f 952//952 951//951 953//953
f 952//952 953//953 954//954
f 954//954 953//953 955//955
f 954//954 955//955 956//956
f 956//956 955//955 957//957
f 956//956 957//957 958//958
f 958//958 957//957 959//959
f 958//958 959//959 960//960
f 960//960 959//959 961//961
f 960//960 961//961 962//962
f 946//946 963//963 964//964
f 946//946 964//964 947//947
f 947//947 964//964 965//965
f 947//947 965//965 949//949
f 949//949 965//965 966//966
f 949//949 966//966 951//951
f 951//951 966//966 967//967
f 951//951 967//967 953//953
f 953//953 967//967 968//968
f 953//953 968//968 955//955
f 955//955 968//968 969//969
f 955//955 969//969 957//957
f 957//957 969//969 970//970
f 957//957 970//970 959//959
f 959//959 970//970 971//971
f 959//959 971//971 961//961
f 963//963 972//972 973//973
f 963//963 973//973 964//964
f 964//964 973//973 974//974
f 964//964 974//974 965//965
f 965//965 974//974 975//975
f 965//965 975//975 966//966
f 966//966 975//975 976//976
f 966//966 976//976 967//967
f 967//967 976//976 977//977
f 967//967 977//977 968//968
f 968//968 977//977 978//978
f 968//968 978//978 969//969
f 969//969 978//978 979//979
f 969//969 979//979 970//970
f 970//970 979//979 980//980
f 970//970 980//980 971//971
f 972//972 981//981 982//982
f 972//972 982//982 973//973
f 973//973 982//982 983//983
f 973//973 983//983 974//974
f 974//974 983//983 984//984
f 974//974 984//984 975//975
f 975//975 984//984 985//985
f 975//975 985//985 976//976
f 976//976 985//985 986//986
f 976//976 986//986 977//977
f 977//977 986//986 987//987
f 977//977 987//987 978//978
f 978//978 987//987 988//988
f 978//978 988//988 979//979
f 979//979 988//988 989//989
f 979//979 989//989 980//980
f 981//981 990//990 991//991
f 981//981 991//991 982//982
f 982//982 991//991 992//992
f 982//982 992//992 983//983
f 983//983 992//992 993//993
f 983//983 993//993 984//984
f 984//984 993//993 994//994
f 984//984 994//994 985//985
f 985//985 994//994 995//995
f 985//985 995//995 986//986
f 986//986 995//995 996//996
f 986//986 996//996 987//987
f 987//987 996//996 997//997
f 987//987 997//997 988//988
f 988//988 997//997 998//998
f 988//988 998//998 989//989
f 990//990 999//999 1000//1000
f 990//990 1000//1000 991//991
f 991//991 1000//1000 1001//1001
f 991//991 1001//1001 992//992
f 992//992 1001//1001 1002//1002
f 992//992 1002//1002 993//993
f 993//993 1002//1002 1003//1003
f 993//993 1003//1003 994//994
f 994//994 1003//1003 1004//1004
f 994//994 1004//1004 995//995
f 995//995 1004//1004 1005//1005
f 995//995 1005//1005 996//996
f 996//996 1005//1005 1006//1006
f 996//996 1006//1006 997//997
f 997//997 1006//1006 1007//1007
f 997//997 1007//1007 998//998
f 999//999 1008//1008 1009//1009
f 999//999 1009//1009 1000//1000
f 1000//1000 1009//1009 1010//1010
f 1000//1000 1010//1010 1001//1001
f 1001//1001 1010//1010 1011//1011
f 1001//1001 1011//1011 1002//1002
f 1002//1002 1011//1011 1012//1012
f 1002//1002 1012//1012 1003//1003
f 1003//1003 1012//1012 1013//1013
f 1003//1003 1013//1013 1004//1004
f 1004//1004 1013//1013 1014//1014
f 1004//1004 1014//1014 1005//1005
f 1005//1005 1014//1014 1015//1015
f 1005//1005 1015//1015 1006//1006
f 1006//1006 1015//1015 1016//1016
f 1006//1006 1016//1016 1007//1007
f 1008//1008 801//801 804//804
f 1008//1008 804//804 1009//1009
f 1009//1009 804//804 806//806
f 1009//1009 806//806 1010//1010
f 1010//1010 806//806 808//808
f 1010//1010 808//808 1011//1011
f 1011//1011 808//808 810//810
f 1011//1011 810//810 1012//1012
f 1012//1012 810//810 812//812
f 1012//1012 812//812 1013//1013
f 1013//1013 812//812 814//814
f 1013//1013 814//814 1014//1014
f 1014//1014 814//814 816//816
f 1014//1014 816//816 1015//1015
f 1015//1015 816//816 818//818
f 1015//1015 818//818 1016//1016
f 962//962 961//961 1017//1017
f 962//962 1017//1017 1018//1018
f 1018//1018 1017//1017 1019//1019
f 1018//1018 1019//1019 1020//1020
f 1020//1020 1019//1019 1021//1021
f 1020//1020 1021//1021 1022//1022
f 1022//1022 1021//1021 1023//1023
f 1022//1022 1023//1023 1024//1024
f 1024//1024 1023//1023 1025//1025
f 1024//1024 1025//1025 1026//1026
f 1026//1026 1025//1025 1027//1027
f 1026//1026 1027//1027 1028//1028
f 1028//1028 1027//1027 1029//1029
f 1028//1028 1029//1029 1030//1030
f 1030//1030 1029//1029 946//946
f 1030//1030 946//946 945//945
f 961//961 971//971 1031//1031
f 961//961 1031//1031 1017//1017
f 1017//1017 1031//1031 1032//1032
f 1017//1017 1032//1032 1019//1019
f 1019//1019 1032//1032 1033//1033
f 1019//1019 1033//1033 1021//1021
f 1021//1021 1033//1033 1034//1034
f 1021//1021 1034//1034 1023//1023
f 1023//1023 1034//1034 1035//1035
f 1023//1023 1035//1035 1025//1025
f 1025//1025 1035//1035 1036//1036
f 1025//1025 1036//1036 1027//1027
f 1027//1027 1036//1036 1037//1037
f 1027//1027 1037//1037 1029//1029
f 1029//1029 1037//1037 963//963
f 1029//1029 963//963 946//946
f 971//971 980//980 1038//1038
f 971//971 1038//1038 1031//1031
f 1031//1031 1038//1038 1039//1039
f 1031//1031 1039//1039 1032//1032
f 1032//1032 1039//1039 1040//1040
f 1032//1032 1040//1040 1033//1033
f 1033//1033 1040//1040 1041//1041
f 1033//1033 1041//1041 1034//1034
f 1034//1034 1041//1041 1042//1042
f 1034//1034 1042//1042 1035//1035
f 1035//1035 1042//1042 1043//1043
f 1035//1035 1043//1043 1036//1036
f 1036//1036 1043//1043 1044//1044
f 1036//1036 1044//1044 1037//1037
f 1037//1037 1044//1044 972//972
f 1037//1037 972//972 963//963
f 980//980 989//989 1045//1045
f 980//980 1045//1045 1038//1038
f 1038//1038 1045//1045 1046//1046
f 1038//1038 1046//1046 1039//1039
f 1039//1039 1046//1046 1047//1047
f 1039//1039 1047//1047 1040//1040
f 1040//1040 1047//1047 1048//1048
f 1040//1040 1048//1048 1041//1041
f 1041//1041 1048//1048 1049//1049
f 1041//1041 1049//1049 1042//1042
f 1042//1042 1049//1049 1050//1050
f 1042//1042 1050//1050 1043//1043
f 1043//1043 1050//1050 1051//1051
f 1043//1043 1051//1051 1044//1044
f 1044//1044 1051//1051 981//981
f 1044//1044 981//981 972//972
f 989//989 998//998 1052//1052
f 989//989 1052//1052 1045//1045
f 1045//1045 1052//1052 1053//1053
f 1045//1045 1053//1053 1046//1046
f 1046//1046 1053//1053 1054//1054
f 1046//1046 1054//1054 1047//1047
f 1047//1047 1054//1054 1055//1055
f 1047//1047 1055//1055 1048//1048
f 1048//1048 1055//1055 1056//1056
f 1048//1048 1056//1056 1049//1049
f 1049//1049 1056//1056 1057//1057
f 1049//1049 1057//1057 1050//1050
f 1050//1050 1057//1057 1058//1058
f 1050//1050 1058//1058 1051//1051
f 1051//1051 1058//1058 990//990
f 1051//1051 990//990 981//981
f 998//998 1007//1007 1059//1059
f 998//998 1059//1059 1052//1052
f 1052//1052 1059//1059 1060//1060
f 1052//1052 1060//1060 1053//1053
f 1053//1053 1060//1060 1061//1061
f 1053//1053 1061//1061 1054//1054
f 1054//1054 1061//1061 1062//1062
f 1054//1054 1062//1062 1055//1055
f 1055//1055 1062//1062 1063//1063
f 1055//1055 1063//1063 1056//1056
f 1056//1056 1063//1063 1064//1064
f 1056//1056 1064//1064 1057//1057
f 1057//1057 1064//1064 1065//1065
f 1057//1057 1065//1065 1058//1058
f 1058//1058 1065//1065 999//999
f 1058//1058 999//999 990//990
f 1007//1007 1016//1016 1066//1066
f 1007//1007 1066//1066 1059//1059
f 1059//1059 1066//1066 1067//1067
f 1059//1059 1067//1067 1060//1060
f 1060//1060 1067//1067 1068//1068
f 1060//1060 1068//1068 1061//1061
f 1061//1061 1068//1068 1069//1069
f 1061//1061 1069//1069 1062//1062
f 1062//1062 1069//1069 1070//1070
f 1062//1062 1070//1070 1063//1063
f 1063//1063 1070//1070 1071//1071
f 1063//1063 1071//1071 1064//1064
f 1064//1064 1071//1071 1072//1072
f 1064//1064 1072//1072 1065//1065
f 1065//1065 1072//1072 1008//1008
f 1065//1065 1008//1008 999//999
f 1016//1016 818//818 883//883
f 1016//1016 883//883 1066//1066
f 1066//1066 883//883 885//885
f 1066//1066 885//885 1067//1067
f 1067//1067 885//885 887//887
f 1067//1067 887//887 1068//1068
f 1068//1068 887//887 889//889
f 1068//1068 889//889 1069//1069
f 1069//1069 889//889 891//891
f 1069//1069 891//891 1070//1070
f 1070//1070 891//891 893//893
f 1070//1070 893//893 1071//1071
f 1071//1071 893//893 895//895
f 1071//1071 895//895 1072//1072
f 1072//1072 895//895 801//801
f 1072//1072 801//801 1008//1008
f 1073//1073 1074//1074 1075//1075
f 1073//1073 1075//1075 1076//1076
f 1076//1076 1075//1075 1077//1077
f 1076//1076 1077//1077 1078//1078
f 1078//1078 1077//1077 1079//1079
f 1078//1078 1079//1079 1080//1080
f 1080//1080 1079//1079 1081//1081
f 1080//1080 1081//1081 1082//1082
f 1082//1082 1081//1081 1083//1083
f 1082//1082 1083//1083 1084//1084
f 1084//1084 1083//1083 1085//1085
f 1084//1084 1085//1085 1086//1086
f 1086//1086 1085//1085 1087//1087
f 1086//1086 1087//1087 1088//1088
f 1088//1088 1087//1087 1089//1089
f 1088//1088 1089//1089 1090//1090
f 1074//1074 1091//1091 1092//1092
f 1074//1074 1092//1092 1075//1075
f 1075//1075 1092//1092 1093//1093
f 1075//1075 1093//1093 1077//1077
f 1077//1077 1093//1093 1094//1094
f 1077//1077 1094//1094 1079//1079
f 1079//1079 1094//1094 1095//1095
f 1079//1079 1095//1095 1081//1081
f 1081//1081 1095//1095 1096//1096
f 1081//1081 1096//1096 1083//1083
f 1083//1083 1096//1096 1097//1097
f 1083//1083 1097//1097 1085//1085
f 1085//1085 1097//1097 1098//1098
f 1085//1085 1098//1098 1087//1087
f 1087//1087 1098//1098 1099//1099
f 1087//1087 1099//1099 1089//1089
f 1091//1091 1100//1100 1101//1101
f 1091//1091 1101//1101 1092//1092
f 1092//1092 1101//1101 1102//1102
f 1092//1092 1102//1102 1093//1093
f 1093//1093 1102//1102 1103//1103
f 1093//1093 1103//1103 1094//1094
f 1094//1094 1103//1103 1104//1104
f 1094//1094 1104//1104 1095//1095
f 1095//1095 1104//1104 1105//1105
f 1095//1095 1105//1105 1096//1096
f 1096//1096 1105//1105 1106//1106
f 1096//1096 1106//1106 1097//1097
f 1097//1097 1106//1106 1107//1107
f 1097//1097 1107//1107 1098//1098
f 1098//1098 1107//1107 1108//1108
f 1098//1098 1108//1108 1099//1099
f 1100//1100 1109//1109 1110//1110
f 1100//1100 1110//1110 1101//1101
f 1101//1101 1110//1110 1111//1111
f 1101//1101 1111//1111 1102//1102
f 1102//1102 1111//1111 1112//1112
f 1102//1102 1112//1112 1103//1103
f 1103//1103 1112//1112 1113//1113
f 1103//1103 1113//1113 1104//1104
f 1104//1104 1113//1113 1114//1114
f 1104//1104 1114//1114 1105//1105
f 1105//1105 1114//1114 1115//1115
f 1105//1105 1115//1115 1106//1106
f 1106//1106 1115//1115 1116//1116
f 1106//1106 1116//1116 1107//1107
f 1107//1107 1116//1116 1117//1117
f 1107//1107 1117//1117 1108//1108
f 1109//1109 1118//1118 1119//1119
f 1109//1109 1119//1119 1110//1110
f 1110//1110 1119//1119 1120//1120
f 1110//1110 1120//1120 1111//1111
f 1111//1111 1120//1120 1121//1121
f 1111//1111 1121//1121 1112//1112
f 1112//1112 1121//1121 1122//1122
f 1112//1112 1122//1122 1113//1113
f 1113//1113 1122//1122 1123//1123
f 1113//1113 1123//1123 1114//1114
f 1114//1114 1123//1123 1124//1124
f 1114//1114 1124//1124 1115//1115
f 1115//1115 1124//1124 1125//1125
f 1115//1115 1125//1125 1116//1116
f 1116//1116 1125//1125 1126//1126
f 1116//1116 1126//1126 1117//1117
f 1118//1118 1127//1127 1128//1128
f 1118//1118 1128//1128 1119//1119
f 1119//1119 1128//1128 1129//1129
f 1119//1119 1129//1129 1120//1120
f 1120//1120 1129//1129 1130//1130
f 1120//1120 1130//1130 1121//1121
f 1121//1121 1130//1130 1131//1131
f 1121//1121 1131//1131 1122//1122
f 1122//1122 1131//1131 1132//1132
f 1122//1122 1132//1132 1123//1123
f 1123//1123 1132//1132 1133//1133
f 1123//1123 1133//1133 1124//1124
f 1124//1124 1133//1133 1134//1134
f 1124//1124 1134//1134 1125//1125
f 1125//1125 1134//1134 1135//1135
f 1125//1125 1135//1135 1126//1126
f 1127//1127 1136//1136 1137//1137
f 1127//1127 1137//1137 1128//1128
f 1128//1128 1137//1137 1138//1138
f 1128//1128 1138//1138 1129//1129
f 1129//1129 1138//1138 1139//1139
f 1129//1129 1139//1139 1130//1130
f 1130//1130 1139//1139 1140//1140
f 1130//1130 1140//1140 1131//1131
f 1131//1131 1140//1140 1141//1141
f 1131//1131 1141//1141 1132//1132
f 1132//1132 1141//1141 1142//1142
f 1132//1132 1142//1142 1133//1133
f 1133//1133 1142//1142 1143//1143
f 1133//1133 1143//1143 1134//1134
f 1134//1134 1143//1143 1144//1144
f 1134//1134 1144//1144 1135//1135
f 1136//1136 1145//1145 1146//1146
f 1136//1136 1146//1146 1137//1137
f 1137//1137 1146//1146 1147//1147
f 1137//1137 1147//1147 1138//1138
f 1138//1138 1147//1147 1148//1148
f 1138//1138 1148//1148 1139//1139
f 1139//1139 1148//1148 1149//1149
f 1139//1139 1149//1149 1140//1140
f 1140//1140 1149//1149 1150//1150
f 1140//1140 1150//1150 1141//1141
f 1141//1141 1150//1150 1151//1151
f 1141//1141 1151//1151 1142//1142
f 1142//1142 1151//1151 1152//1152
f 1142//1142 1152//1152 1143//1143
f 1143//1143 1152//1152 1153//1153
f 1143//1143 1153//1153 1144//1144
f 1090//1090 1089//1089 1154//1154
f 1090//1090 1154//1154 1155//1155
f 1155//1155 1154//1154 1156//1156
f 1155//1155 1156//1156 1157//1157
f 1157//1157 1156//1156 1158//1158
f 1157//1157 1158//1158 1159//1159
f 1159//1159 1158//1158 1160//1160
f 1159//1159 1160//1160 1161//1161
f 1161//1161 1160//1160 1162//1162
f 1161//1161 1162//1162 1163//1163
f 1163//1163 1162//1162 1164//1164
f 1163//1163 1164//1164 1165//1165
f 1165//1165 1164//1164 1166//1166
f 1165//1165 1166//1166 1167//1167
f 1167//1167 1166//1166 1074//1074
f 1167//1167 1074//1074 1073//1073
f 1089//1089 1099//1099 1168//1168
f 1089//1089 1168//1168 1154//1154
f 1154//1154 1168//1168 1169//1169
f 1154//1154 1169//1169 1156//1156
f 1156//1156 1169//1169 1170//1170
f 1156//1156 1170//1170 1158//1158
f 1158//1158 1170//1170 1171//1171
f 1158//1158 1171//1171 1160//1160
f 1160//1160 1171//1171 1172//1172
f 1160//1160 1172//1172 1162//1162
f 1162//1162 1172//1172 1173//1173
f 1162//1162 1173//1173 1164//1164
f 1164//1164 1173//1173 1174//1174
f 1164//1164 1174//1174 1166//1166
f 1166//1166 1174//1174 1091//1091
f 1166//1166 1091//1091 1074//1074
f 1099//1099 1108//1108 1175//1175
f 1099//1099 1175//1175 1168//1168
f 1168//1168 1175//1175 1176//1176
f 1168//1168 1176//1176 1169//1169
f 1169//1169 1176//1176 1177//1177
f 1169//1169 1177//1177 1170//1170
f 1170//1170 1177//1177 1178//1178
f 1170//1170 1178//1178 1171//1171
f 1171//1171 1178//1178 1179//1179
f 1171//1171 1179//1179 1172//1172
f 1172//1172 1179//1179 1180//1180
f 1172//1172 1180//1180 1173//1173
f 1173//1173 1180//1180 1181//1181
f 1173//1173 1181//1181 1174//1174
f 1174//1174 1181//1181 1100//1100
f 1174//1174 1100//1100 1091//1091
f 1108//1108 1117//1117 1182//1182
f 1108//1108 1182//1182 1175//1175
f 1175//1175 1182//1182 1183//1183
f 1175//1175 1183//1183 1176//1176
f 1176//1176 1183//1183 1184//1184
f 1176//1176 1184//1184 1177//1177
f 1177//1177 1184//1184 1185//1185
f 1177//1177 1185//1185 1178//1178
f 1178//1178 1185//1185 1186//1186
f 1178//1178 1186//1186 1179//1179
f 1179//1179 1186//1186 1187//1187
f 1179//1179 1187//1187 1180//1180
f 1180//1180 1187//1187 1188//1188
f 1180//1180 1188//1188 1181//1181
f 1181//1181 1188//1188 1109//1109
f 1181//1181 1109//1109 1100//1100
f 1117//1117 1126//1126 1189//1189
f 1117//1117 1189//1189 1182//1182
f 1182//1182 1189//1189 1190//1190
f 1182//1182 1190//1190 1183//1183
f 1183//1183 1190//1190 1191//1191
f 1183//1183 1191//1191 1184//1184
f 1184//1184 1191//1191 1192//1192
f 1184//1184 1192//1192 1185//1185
f 1185//1185 1192//1192 1193//1193
f 1185//1185 1193//1193 1186//1186
f 1186//1186 1193//1193 1194//1194
f 1186//1186 1194//1194 1187//1187
f 1187//1187 1194//1194 1195//1195
f 1187//1187 1195//1195 1188//1188
f 1188//1188 1195//1195 1118//1118
f 1188//1188 1118//1118 1109//1109
f 1126//1126 1135//1135 1196//1196
f 1126//1126 1196//1196 1189//1189
f 1189//1189 1196//1196 1197//1197
f 1189//1189 1197//1197 1190//1190
f 1190//1190 1197//1197 1198//1198
f 1190//1190 1198//1198 1191//1191
f 1191//1191 1198//1198 1199//1199
f 1191//1191 1199//1199 1192//1192
f 1192//1192 1199//1199 1200//1200
f 1192//1192 1200//1200 1193//1193
f 1193//1193 1200//1200 1201//1201
f 1193//1193 1201//1201 1194//1194
f 1194//1194 1201//1201 1202//1202
f 1194//1194 1202//1202 1195//1195
f 1195//1195 1202//1202 1127//1127
f 1195//1195 1127//1127 1118//1118
f 1135//1135 1144//1144 1203//1203
f 1135//1135 1203//1203 1196//1196
f 1196//1196 1203//1203 1204//1204
f 1196//1196 1204//1204 1197//1197
f 1197//1197 1204//1204 1205//1205
f 1197//1197 1205//1205 1198//1198
f 1198//1198 1205//1205 1206//1206
f 1198//1198 1206//1206 1199//1199
f 1199//1199 1206//1206 1207//1207
f 1199//1199 1207//1207 1200//1200
f 1200//1200 1207//1207 1208//1208
f 1200//1200 1208//1208 1201//1201
f 1201//1201 1208//1208 1209//1209
f 1201//1201 1209//1209 1202//1202
f 1202//1202 1209//1209 1136//1136
f 1202//1202 1136//1136 1127//1127
f 1144//1144 1153//1153 1210//1210
f 1144//1144 1210//1210 1203//1203
f 1203//1203 1210//1210 1211//1211
f 1203//1203 1211//1211 1204//1204
f 1204//1204 1211//1211 1212//1212
f 1204//1204 1212//1212 1205//1205
f 1205//1205 1212//1212 1213//1213
f 1205//1205 1213//1213 1206//1206
f 1206//1206 1213//1213 1214//1214
f 1206//1206 1214//1214 1207//1207
f 1207//1207 1214//1214 1215//1215
f 1207//1207 1215//1215 1208//1208
f 1208//1208 1215//1215 1216//1216
f 1208//1208 1216//1216 1209//1209
f 1209//1209 1216//1216 1145//1145
f 1209//1209 1145//1145 1136//1136
f 1217//1217 1218//1218 1219//1219
f 1217//1217 1219//1219 1220//1220
f 1220//1220 1219//1219 1221//1221
f 1220//1220 1221//1221 1222//1222
f 1222//1222 1221//1221 1223//1223
f 1222//1222 1223//1223 1224//1224
f 1224//1224 1223//1223 1225//1225
f 1224//1224 1225//1225 1226//1226
f 1226//1226 1225//1225 1227//1227
f 1226//1226 1227//1227 1228//1228
f 1228//1228 1227//1227 1229//1229
f 1228//1228 1229//1229 1230//1230
f 1230//1230 1229//1229 1231//1231
f 1230//1230 1231//1231 1232//1232
f 1232//1232 1231//1231 1233//1233
f 1232//1232 1233//1233 1234//1234
f 1218//1218 1235//1235 1236//1236
f 1218//1218 1236//1236 1219//1219
f 1219//1219 1236//1236 1237//1237
f 1219//1219 1237//1237 1221//1221
f 1221//1221 1237//1237 1238//1238
f 1221//1221 1238//1238 1223//1223
f 1223//1223 1238//1238 1239//1239
f 1223//1223 1239//1239 1225//1225
f 1225//1225 1239//1239 1240//1240
f 1225//1225 1240//1240 1227//1227
f 1227//1227 1240//1240 1241//1241
f 1227//1227 1241//1241 1229//1229
f 1229//1229 1241//1241 1242//1242
f 1229//1229 1242//1242 1231//1231
f 1231//1231 1242//1242 1243//1243
f 1231//1231 1243//1243 1233//1233
f 1235//1235 1244//1244 1245//1245
f 1235//1235 1245//1245 1236//1236
f 1236//1236 1245//1245 1246//1246
f 1236//1236 1246//1246 1237//1237
f 1237//1237 1246//1246 1247//1247
f 1237//1237 1247//1247 1238//1238
f 1238//1238 1247//1247 1248//1248
f 1238//1238 1248//1248 1239//1239
f 1239//1239 1248//1248 1249//1249
f 1239//1239 1249//1249 1240//1240
f 1240//1240 1249//1249 1250//1250
f 1240//1240 1250//1250 1241//1241
f 1241//1241 1250//1250 1251//1251
f 1241//1241 1251//1251 1242//1242
f 1242//1242 1251//1251 1252//1252
f 1242//1242 1252//1252 1243//1243
f 1244//1244 1253//1253 1254//1254
f 1244//1244 1254//1254 1245//1245
f 1245//1245 1254//1254 1255//1255
f 1245//1245 1255//1255 1246//1246
f 1246//1246 1255//1255 1256//1256
f 1246//1246 1256//1256 1247//1247
f 1247//1247 1256//1256 1257//1257
f 1247//1247 1257//1257 1248//1248
f 1248//1248 1257//1257 1258//1258
f 1248//1248 1258//1258 1249//1249
f 1249//1249 1258//1258 1259//1259
f 1249//1249 1259//1259 1250//1250
f 1250//1250 1259//1259 1260//1260
f 1250//1250 1260//1260 1251//1251
f 1251//1251 1260//1260 1261//1261
f 1251//1251 1261//1261 1252//1252
f 1253//1253 1262//1262 1263//1263
f 1253//1253 1263//1263 1254//1254
f 1254//1254 1263//1263 1264//1264
f 1254//1254 1264//1264 1255//1255
f 1255//1255 1264//1264 1265//1265
f 1255//1255 1265//1265 1256//1256
f 1256//1256 1265//1265 1266//1266
f 1256//1256 1266//1266 1257//1257
f 1257//1257 1266//1266 1267//1267
f 1257//1257 1267//1267 1258//1258
f 1258//1258 1267//1267 1268//1268
f 1258//1258 1268//1268 1259//1259
f 1259//1259 1268//1268 1269//1269
f 1259//1259 1269//1269 1260//1260
f 1260//1260 1269//1269 1270//1270
f 1260//1260 1270//1270 1261//1261
f 1262//1262 1271//1271 1272//1272
f 1262//1262 1272//1272 1263//1263
f 1263//1263 1272//1272 1273//1273
f 1263//1263 1273//1273 1264//1264
f 1264//1264 1273//1273 1274//1274
f 1264//1264 1274//1274 1265//1265
f 1265//1265 1274//1274 1275//1275
f 1265//1265 1275//1275 1266//1266
f 1266//1266 1275//1275 1276//1276
f 1266//1266 1276//1276 1267//1267
f 1267//1267 1276//1276 1277//1277
f 1267//1267 1277//1277 1268//1268
f 1268//1268 1277//1277 1278//1278
f 1268//1268 1278//1278 1269//1269
f 1269//1269 1278//1278 1279//1279
f 1269//1269 1279//1279 1270//1270
f 1271//1271 1280//1280 1281//1281
f 1271//1271 1281//1281 1272//1272
f 1272//1272 1281//1281 1282//1282
f 1272//1272 1282//1282 1273//1273
f 1273//1273 1282//1282 1283//1283
f 1273//1273 1283//1283 1274//1274
f 1274//1274 1283//1283 1284//1284
f 1274//1274 1284//1284 1275//1275
f 1275//1275 1284//1284 1285//1285
f 1275//1275 1285//1285 1276//1276
f 1276//1276 1285//1285 1286//1286
f 1276//1276 1286//1286 1277//1277
f 1277//1277 1286//1286 1287//1287
f 1277//1277 1287//1287 1278//1278
f 1278//1278 1287//1287 1288//1288
f 1278//1278 1288//1288 1279//1279
f 1280//1280 1073//1073 1076//1076
f 1280//1280 1076//1076 1281//1281
f 1281//1281 1076//1076 1078//1078
f 1281//1281 1078//1078 1282//1282
f 1282//1282 1078//1078 1080//1080
f 1282//1282 1080//1080 1283//1283
f 1283//1283 1080//1080 1082//1082
f 1283//1283 1082//1082 1284//1284
f 1284//1284 1082//1082 1084//1084
f 1284//1284 1084//1084 1285//1285
f 1285//1285 1084//1084 1086//1086
f 1285//1285 1086//1086 1286//1286
f 1286//1286 1086//1086 1088//1088
f 1286//1286 1088//1088 1287//1287
f 1287//1287 1088//1088 1090//1090
f 1287//1287 1090//1090 1288//1288
f 1234//1234 1233//1233 1289//1289
f 1234//1234 1289//1289 1290//1290
f 1290//1290 1289//1289 1291//1291
f 1290//1290 1291//1291 1292//1292
f 1292//1292 1291//1291 1293//1293
f 1292//1292 1293//1293 1294//1294
f 1294//1294 1293//1293 1295//1295
f 1294//1294 1295//1295 1296//1296
f 1296//1296 1295//1295 1297//1297
f 1296//1296 1297//1297 1298//1298
f 1298//1298 1297//1297 1299//1299
f 1298//1298 1299//1299 1300//1300
f 1300//1300 1299//1299 1301//1301
f 1300//1300 1301//1301 1302//1302
f 1302//1302 1301//1301 1218//1218
f 1302//1302 1218//1218 1217//1217
f 1233//1233 1243//1243 1303//1303
f 1233//1233 1303//1303 1289//1289
f 1289//1289 1303//1303 1304//1304
f 1289//1289 1304//1304 1291//1291
f 1291//1291 1304//1304 1305//1305
f 1291//1291 1305//1305 1293//1293
f 1293//1293 1305//1305 1306//1306
f 1293//1293 1306//1306 1295//1295
f 1295//1295 1306//1306 1307//1307
f 1295//1295 1307//1307 1297//1297
f 1297//1297 1307//1307 1308//1308
f 1297//1297 1308//1308 1299//1299
f 1299//1299 1308//1308 1309//1309
f 1299//1299 1309//1309 1301//1301
f 1301//1301 1309//1309 1235//1235
f 1301//1301 1235//1235 1218//1218
f 1243//1243 1252//1252 1310//1310
f 1243//1243 1310//1310 1303//1303
f 1303//1303 1310//1310 1311//1311
f 1303//1303 1311//1311 1304//1304
f 1304//1304 1311//1311 1312//1312
f 1304//1304 1312//1312 1305//1305
f 1305//1305 1312//1312 1313//1313
f 1305//1305 1313//1313 1306//1306
f 1306//1306 1313//1313 1314//1314
f 1306//1306 1314//1314 1307//1307
f 1307//1307 1314//1314 1315//1315
f 1307//1307 1315//1315 1308//1308
f 1308//1308 1315//1315 1316//1316
f 1308//1308 1316//1316 1309//1309
f 1309//1309 1316//1316 1244//1244
f 1309//1309 1244//1244 1235//1235
f 1252//1252 1261//1261 1317//1317
f 1252//1252 1317//1317 1310//1310
f 1310//1310 1317//1317 1318//1318
f 1310//1310 1318//1318 1311//1311
f 1311//1311 1318//1318 1319//1319
f 1311//1311 1319//1319 1312//1312
f 1312//1312 1319//1319 1320//1320
f 1312//1312 1320//1320 1313//1313
f 1313//1313 1320//1320 1321//1321
f 1313//1313 1321//1321 1314//1314
f 1314//1314 1321//1321 1322//1322
f 1314//1314 1322//1322 1315//1315
f 1315//1315 1322//1322 1323//1323
f 1315//1315 1323//1323 1316//1316
f 1316//1316 1323//1323 1253//1253
f 1316//1316 1253//1253 1244//1244
f 1261//1261 1270//1270 1324//1324
f 1261//1261 1324//1324 1317//1317
f 1317//1317 1324//1324 1325//1325
f 1317//1317 1325//1325 1318//1318
f 1318//1318 1325//1325 1326//1326
f 1318//1318 1326//1326 1319//1319
f 1319//1319 1326//1326 1327//1327
f 1319//1319 1327//1327 1320//1320
f 1320//1320 1327//1327 1328//1328
f 1320//1320 1328//1328 1321//1321
f 1321//1321 1328//1328 1329//1329
f 1321//1321 1329//1329 1322//1322
f 1322//1322 1329//1329 1330//1330
f 1322//1322 1330//1330 1323//1323
f 1323//1323 1330//1330 1262//1262
f 1323//1323 1262//1262 1253//1253
f 1270//1270 1279//1279 1331//1331
f 1270//1270 1331//1331 1324//1324
f 1324//1324 1331//1331 1332//1332
f 1324//1324 1332//1332 1325//1325
f 1325//1325 1332//1332 1333//1333
f 1325//1325 1333//1333 1326//1326
f 1326//1326 1333//1333 1334//1334
f 1326//1326 1334//1334 1327//1327
f 1327//1327 1334//1334 1335//1335
f 1327//1327 1335//1335 1328//1328
f 1328//1328 1335//1335 1336//1336
f 1328//1328 1336//1336 1329//1329
f 1329//1329 1336//1336 1337//1337
f 1329//1329 1337//1337 1330//1330
f 1330//1330 1337//1337 1271//1271
f 1330//1330 1271//1271 1262//1262
f 1279//1279 1288//1288 1338//1338
f 1279//1279 1338//1338 1331//1331
f 1331//1331 1338//1338 1339//1339
f 1331//1331 1339//1339 1332//1332
f 1332//1332 1339//1339 1340//1340
f 1332//1332 1340//1340 1333//1333
f 1333//1333 1340//1340 1341//1341
f 1333//1333 1341//1341 1334//1334
f 1334//1334 1341//1341 1342//1342
f 1334//1334 1342//1342 1335//1335
f 1335//1335 1342//1342 1343//1343
f 1335//1335 1343//1343 1336//1336
f 1336//1336 1343//1343 1344//1344
f 1336//1336 1344//1344 1337//1337
f 1337//1337 1344//1344 1280//1280
f 1337//1337 1280//1280 1271//1271
f 1288//1288 1090//1090 1155//1155
f 1288//1288 1155//1155 1338//1338
f 1338//1338 1155//1155 1157//1157
f 1338//1338 1157//1157 1339//1339
f 1339//1339 1157//1157 1159//1159
f 1339//1339 1159//1159 1340//1340
f 1340//1340 1159//1159 1161//1161
f 1340//1340 1161//1161 1341//1341
f 1341//1341 1161//1161 1163//1163
f 1341//1341 1163//1163 1342//1342
f 1342//1342 1163//1163 1165//1165
f 1342//1342 1165//1165 1343//1343
f 1343//1343 1165//1165 1167//1167
f 1343//1343 1167//1167 1344//1344
f 1344//1344 1167//1167 1073//1073
f 1344//1344 1073//1073 1280//1280
f 1345//1345 1346//1346 1347//1347
f 1345//1345 1347//1347 1348//1348
f 1348//1348 1347//1347 1349//1349
f 1348//1348 1349//1349 1350//1350
f 1350//1350 1349//1349 1351//1351
f 1350//1350 1351//1351 1352//1352
f 1352//1352 1351//1351 1353//1353
f 1352//1352 1353//1353 1354//1354
f 1354//1354 1353//1353 1355//1355
f 1354//1354 1355//1355 1356//1356
f 1356//1356 1355//1355 1357//1357
f 1356//1356 1357//1357 1358//1358
f 1358//1358 1357//1357 1359//1359
f 1358//1358 1359//1359 1360//1360
f 1360//1360 1359//1359 1361//1361
f 1360//1360 1361//1361 1362//1362
f 1346//1346 1363//1363 1364//1364
f 1346//1346 1364//1364 1347//1347
f 1347//1347 1364//1364 1365//1365
f 1347//1347 1365//1365 1349//1349
f 1349//1349 1365//1365 1366//1366
f 1349//1349 1366//1366 1351//1351
f 1351//1351 1366//1366 1367//1367
f 1351//1351 1367//1367 1353//1353
f 1353//1353 1367//1367 1368//1368
f 1353//1353 1368//1368 1355//1355
f 1355//1355 1368//1368 1369//1369
f 1355//1355 1369//1369 1357//1357
f 1357//1357 1369//1369 1370//1370
f 1357//1357 1370//1370 1359//1359
f 1359//1359 1370//1370 1371//1371
f 1359//1359 1371//1371 1361//1361
f 1363//1363 1372//1372 1373//1373
f 1363//1363 1373//1373 1364//1364
f 1364//1364 1373//1373 1374//1374
f 1364//1364 1374//1374 1365//1365
f 1365//1365 1374//1374 1375//1375
f 1365//1365 1375//1375 1366//1366
f 1366//1366 1375//1375 1376//1376
f 1366//1366 1376//1376 1367//1367
f 1367//1367 1376//1376 1377//1377
f 1367//1367 1377//1377 1368//1368
f 1368//1368 1377//1377 1378//1378
f 1368//1368 1378//1378 1369//1369
f 1369//1369 1378//1378 1379//1379
f 1369//1369 1379//1379 1370//1370
f 1370//1370 1379//1379 1380//1380
f 1370//1370 1380//1380 1371//1371
f 1372//1372 1381//1381 1382//1382
f 1372//1372 1382//1382 1373//1373
f 1373//1373 1382//1382 1383//1383
f 1373//1373 1383//1383 1374//1374
f 1374//1374 1383//1383 1384//1384
f 1374//1374 1384//1384 1375//1375
f 1375//1375 1384//1384 1385//1385
f 1375//1375 1385//1385 1376//1376
f 1376//1376 1385//1385 1386//1386
f 1376//1376 1386//1386 1377//1377
f 1377//1377 1386//1386 1387//1387
f 1377//1377 1387//1387 1378//1378
f 1378//1378 1387//1387 1388//1388
f 1378//1378 1388//1388 1379//1379
f 1379//1379 1388//1388 1389//1389
f 1379//1379 1389//1389 1380//1380
f 1381//1381 1390//1390 1391//1391
f 1381//1381 1391//1391 1382//1382
f 1382//1382 1391//1391 1392//1392
f 1382//1382 1392//1392 1383//1383
f 1383//1383 1392//1392 1393//1393
f 1383//1383 1393//1393 1384//1384
f 1384//1384 1393//1393 1394//1394
f 1384//1384 1394//1394 1385//1385
f 1385//1385 1394//1394 1395//1395
f 1385//1385 1395//1395 1386//1386
f 1386//1386 1395//1395 1396//1396
f 1386//1386 1396//1396 1387//1387
f 1387//1387 1396//1396 1397//1397
f 1387//1387 1397//1397 1388//1388
f 1388//1388 1397//1397 1398//1398
f 1388//1388 1398//1398 1389//1389
f 1390//1390 1399//1399 1400//1400
f 1390//1390 1400//1400 1391//1391
f 1391//1391 1400//1400 1401//1401
f 1391//1391 1401//1401 1392//1392
f 1392//1392 1401//1401 1402//1402
f 1392//1392 1402//1402 1393//1393
f 1393//1393 1402//1402 1403//1403
f 1393//1393 1403//1403 1394//1394
f 1394//1394 1403//1403 1404//1404
f 1394//1394 1404//1404 1395//1395
f 1395//1395 1404//1404 1405//1405
f 1395//1395 1405//1405 1396//1396
f 1396//1396 1405//1405 1406//1406
f 1396//1396 1406//1406 1397//1397
f 1397//1397 1406//1406 1407//1407
f 1397//1397 1407//1407 1398//1398
f 1399//1399 1408//1408 1409//1409
f 1399//1399 1409//1409 1400//1400
f 1400//1400 1409//1409 1410//1410
f 1400//1400 1410//1410 1401//1401
f 1401//1401 1410//1410 1411//1411
f 1401//1401 1411//1411 1402//1402
f 1402//1402 1411//1411 1412//1412
f 1402//1402 1412//1412 1403//1403
f 1403//1403 1412//1412 1413//1413
f 1403//1403 1413//1413 1404//1404
f 1404//1404 1413//1413 1414//1414
f 1404//1404 1414//1414 1405//1405
f 1405//1405 1414//1414 1415//1415
f 1405//1405 1415//1415 1406//1406
f 1406//1406 1415//1415 1416//1416
f 1406//1406 1416//1416 1407//1407
f 1408//1408 1417//1417 1409//1409
f 1409//1409 1417//1417 1410//1410
f 1410//1410 1417//1417 1411//1411
f 1411//1411 1417//1417 1412//1412
f 1412//1412 1417//1417 1413//1413
f 1413//1413 1417//1417 1414//1414
f 1414//1414 1417//1417 1415//1415
f 1415//1415 1417//1417 1416//1416
f 1418//1418 1419//1419 1420//1420
f 1418//1418 1420//1420 1421//1421
f 1421//1421 1420//1420 1422//1422
f 1421//1421 1422//1422 1423//1423
f 1423//1423 1422//1422 1424//1424
f 1423//1423 1424//1424 1425//1425
f 1425//1425 1424//1424 1426//1426
f 1425//1425 1426//1426 1427//1427
f 1427//1427 1426//1426 1428//1428
f 1427//1427 1428//1428 1429//1429
f 1429//1429 1428//1428 1430//1430
f 1429//1429 1430//1430 1431//1431
f 1431//1431 1430//1430 1432//1432
f 1431//1431 1432//1432 1433//1433
f 1433//1433 1432//1432 1346//1346
f 1433//1433 1346//1346 1345//1345
f 1419//1419 1434//1434 1435//1435
f 1419//1419 1435//1435 1420//1420
f 1420//1420 1435//1435 1436//1436
f 1420//1420 1436//1436 1422//1422
f 1422//1422 1436//1436 1437//1437
f 1422//1422 1437//1437 1424//1424
f 1424//1424 1437//1437 1438//1438
f 1424//1424 1438//1438 1426//1426
f 1426//1426 1438//1438 1439//1439
f 1426//1426 1439//1439 1428//1428
f 1428//1428 1439//1439 1440//1440
f 1428//1428 1440//1440 1430//1430
f 1430//1430 1440//1440 1441//1441
f 1430//1430 1441//1441 1432//1432
f 1432//1432 1441//1441 1363//1363
f 1432//1432 1363//1363 1346//1346
f 1434//1434 1442//1442 1443//1443
f 1434//1434 1443//1443 1435//1435
f 1435//1435 1443//1443 1444//1444
f 1435//1435 1444//1444 1436//1436
f 1436//1436 1444//1444 1445//1445
f 1436//1436 1445//1445 1437//1437
f 1437//1437 1445//1445 1446//1446
f 1437//1437 1446//1446 1438//1438
f 1438//1438 1446//1446 1447//1447
f 1438//1438 1447//1447 1439//1439
f 1439//1439 1447//1447 1448//1448
f 1439//1439 1448//1448 1440//1440
f 1440//1440 1448//1448 1449//1449
f 1440//1440 1449//1449 1441//1441
f 1441//1441 1449//1449 1372//1372
f 1441//1441 1372//1372 1363//1363
f 1442//1442 1450//1450 1451//1451
f 1442//1442 1451//1451 1443//1443
f 1443//1443 1451//1451 1452//1452
f 1443//1443 1452//1452 1444//1444
f 1444//1444 1452//1452 1453//1453
f 1444//1444 1453//1453 1445//1445
f 1445//1445 1453//1453 1454//1454
f 1445//1445 1454//1454 1446//1446
f 1446//1446 1454//1454 1455//1455
f 1446//1446 1455//1455 1447//1447
f 1447//1447 1455//1455 1456//1456
f 1447//1447 1456//1456 1448//1448
f 1448//1448 1456//1456 1457//1457
f 1448//1448 1457//1457 1449//1449
f 1449//1449 1457//1457 1381//1381
f 1449//1449 1381//1381 1372//1372
f 1450//1450 1458//1458 1459//1459
f 1450//1450 1459//1459 1451//1451
f 1451//1451 1459//1459 1460//1460
f 1451//1451 1460//1460 1452//1452
f 1452//1452 1460//1460 1461//1461
f 1452//1452 1461//1461 1453//1453
f 1453//1453 1461//1461 1462//1462
f 1453//1453 1462//1462 1454//1454
f 1454//1454 1462//1462 1463//1463
f 1454//1454 1463//1463 1455//1455
f 1455//1455 1463//1463 1464//1464
f 1455//1455 1464//1464 1456//1456
f 1456//1456 1464//1464 1465//1465
f 1456//1456 1465//1465 1457//1457
f 1457//1457 1465//1465 1390//1390
f 1457//1457 1390//1390 1381//1381
f 1458//1458 1466//1466 1467//1467
f 1458//1458 1467//1467 1459//1459
f 1459//1459 1467//1467 1468//1468
f 1459//1459 1468//1468 1460//1460
f 1460//1460 1468//1468 1469//1469
f 1460//1460 1469//1469 1461//1461
f 1461//1461 1469//1469 1470//1470
f 1461//1461 1470//1470 1462//1462
f 1462//1462 1470//1470 1471//1471
f 1462//1462 1471//1471 1463//1463
f 1463//1463 1471//1471 1472//1472
f 1463//1463 1472//1472 1464//1464
f 1464//1464 1472//1472 1473//1473
f 1464//1464 1473//1473 1465//1465
f 1465//1465 1473//1473 1399//1399
f 1465//1465 1399//1399 1390//1390
f 1466//1466 1474//1474 1475//1475
f 1466//1466 1475//1475 1467//1467
f 1467//1467 1475//1475 1476//1476
f 1467//1467 1476//1476 1468//1468
f 1468//1468 1476//1476 1477//1477
f 1468//1468 1477//1477 1469//1469
f 1469//1469 1477//1477 1478//1478
f 1469//1469 1478//1478 1470//1470
f 1470//1470 1478//1478 1479//1479
f 1470//1470 1479//1479 1471//1471
f 1471//1471 1479//1479 1480//1480
f 1471//1471 1480//1480 1472//1472
f 1472//1472 1480//1480 1481//1481
f 1472//1472 1481//1481 1473//1473
f 1473//1473 1481//1481 1408//1408
f 1473//1473 1408//1408 1399//1399
f 1474//1474 1417//1417 1475//1475
f 1475//1475 1417//1417 1476//1476
f 1476//1476 1417//1417 1477//1477
f 1477//1477 1417//1417 1478//1478
f 1478//1478 1417//1417 1479//1479
f 1479//1479 1417//1417 1480//1480
f 1480//1480 1417//1417 1481//1481
f 1481//1481 1417//1417 1408//1408
f 1482//1482 1483//1483 1484//1484
f 1482//1482 1484//1484 1485//1485
f 1485//1485 1484//1484 1486//1486
f 1485//1485 1486//1486 1487//1487
f 1487//1487 1486//1486 1488//1488
f 1487//1487 1488//1488 1489//1489
f 1489//1489 1488//1488 1490//1490
f 1489//1489 1490//1490 1491//1491
f 1491//1491 1490//1490 1492//1492
f 1491//1491 1492//1492 1493//1493
f 1493//1493 1492//1492 1494//1494
f 1493//1493 1494//1494 1495//1495
f 1495//1495 1494//1494 1496//1496
f 1495//1495 1496//1496 1497//1497
f 1497//1497 1496//1496 1419//1419
f 1497//1497 1419//1419 1418//1418
f 1483//1483 1498//1498 1499//1499
f 1483//1483 1499//1499 1484//1484
f 1484//1484 1499//1499 1500//1500
f 1484//1484 1500//1500 1486//1486
f 1486//1486 1500//1500 1501//1501
f 1486//1486 1501//1501 1488//1488
f 1488//1488 1501//1501 1502//1502
f 1488//1488 1502//1502 1490//1490
f 1490//1490 1502//1502 1503//1503
f 1490//1490 1503//1503 1492//1492
f 1492//1492 1503//1503 1504//1504
f 1492//1492 1504//1504 1494//1494
f 1494//1494 1504//1504 1505//1505
f 1494//1494 1505//1505 1496//1496
f 1496//1496 1505//1505 1434//1434
f 1496//1496 1434//1434 1419//1419
f 1498//1498 1506//1506 1507//1507
f 1498//1498 1507//1507 1499//1499
f 1499//1499 1507//1507 1508//1508
f 1499//1499 1508//1508 1500//1500
f 1500//1500 1508//1508 1509//1509
f 1500//1500 1509//1509 1501//1501
f 1501//1501 1509//1509 1510//1510
f 1501//1501 1510//1510 1502//1502
f 1502//1502 1510//1510 1511//1511
f 1502//1502 1511//1511 1503//1503
f 1503//1503 1511//1511 1512//1512
f 1503//1503 1512//1512 1504//1504
f 1504//1504 1512//1512 1513//1513
f 1504//1504 1513//1513 1505//1505
f 1505//1505 1513//1513 1442//1442
f 1505//1505 1442//1442 1434//1434
f 1506//1506 1514//1514 1515//1515
f 1506//1506 1515//1515 1507//1507
f 1507//1507 1515//1515 1516//1516
f 1507//1507 1516//1516 1508//1508
f 1508//1508 1516//1516 1517//1517
f 1508//1508 1517//1517 1509//1509
f 1509//1509 1517//1517 1518//1518
f 1509//1509 1518//1518 1510//1510
f 1510//1510 1518//1518 1519//1519
f 1510//1510 1519//1519 1511//1511
f 1511//1511 1519//1519 1520//1520
f 1511//1511 1520//1520 1512//1512
f 1512//1512 1520//1520 1521//1521
f 1512//1512 1521//1521 1513//1513
f 1513//1513 1521//1521 1450//1450
f 1513//1513 1450//1450 1442//1442
f 1514//1514 1522//1522 1523//1523
f 1514//1514 1523//1523 1515//1515
f 1515//1515 1523//1523 1524//1524
f 1515//1515 1524//1524 1516//1516
f 1516//1516 1524//1524 1525//1525
f 1516//1516 1525//1525 1517//1517
f 1517//1517 1525//1525 1526//1526
f 1517//1517 1526//1526 1518//1518
f 1518//1518 1526//1526 1527//1527
f 1518//1518 1527//1527 1519//1519
f 1519//1519 1527//1527 1528//1528
f 1519//1519 1528//1528 1520//1520
f 1520//1520 1528//1528 1529//1529
f 1520//1520 1529//1529 1521//1521
f 1521//1521 1529//1529 1458//1458
f 1521//1521 1458//1458 1450//1450
f 1522//1522 1530//1530 1531//1531
f 1522//1522 1531//1531 1523//1523
f 1523//1523 1531//1531 1532//1532
f 1523//1523 1532//1532 1524//1524
f 1524//1524 1532//1532 1533//1533
f 1524//1524 1533//1533 1525//1525
f 1525//1525 1533//1533 1534//1534
f 1525//1525 1534//1534 1526//1526
f 1526//1526 1534//1534 1535//1535
f 1526//1526 1535//1535 1527//1527
f 1527//1527 1535//1535 1536//1536
f 1527//1527 1536//1536 1528//1528
f 1528//1528 1536//1536 1537//1537
f 1528//1528 1537//1537 1529//1529
f 1529//1529 1537//1537 1466//1466
f 1529//1529 1466//1466 1458//1458
f 1530//1530 1538//1538 1539//1539
f 1530//1530 1539//1539 1531//1531
f 1531//1531 1539//1539 1540//1540
f 1531//1531 1540//1540 1532//1532
f 1532//1532 1540//1540 1541//1541
f 1532//1532 1541//1541 1533//1533
f 1533//1533 1541//1541 1542//1542
f 1533//1533 1542//1542 1534//1534
f 1534//1534 1542//1542 1543//1543
f 1534//1534 1543//1543 1535//1535
f 1535//1535 1543//1543 1544//1544
f 1535//1535 1544//1544 1536//1536
f 1536//1536 1544//1544 1545//1545
f 1536//1536 1545//1545 1537//1537
f 1537//1537 1545//1545 1474//1474
f 1537//1537 1474//1474 1466//1466
f 1538//1538 1417//1417 1539//1539
f 1539//1539 1417//1417 1540//1540
f 1540//1540 1417//1417 1541//1541
f 1541//1541 1417//1417 1542//1542
f 1542//1542 1417//1417 1543//1543
f 1543//1543 1417//1417 1544//1544
f 1544//1544 1417//1417 1545//1545
f 1545//1545 1417//1417 1474//1474
f 1362//1362 1361//1361 1546//1546
f 1362//1362 1546//1546 1547//1547
f 1547//1547 1546//1546 1548//1548
f 1547//1547 1548//1548 1549//1549
f 1549//1549 1548//1548 1550//1550
f 1549//1549 1550//1550 1551//1551
f 1551//1551 1550//1550 1552//1552
f 1551//1551 1552//1552 1553//1553
f 1553//1553 1552//1552 1554//1554
f 1553//1553 1554//1554 1555//1555
f 1555//1555 1554//1554 1556//1556
f 1555//1555 1556//1556 1557//1557
f 1557//1557 1556//1556 1558//1558
f 1557//1557 1558//1558 1559//1559
f 1559//1559 1558//1558 1483//1483
f 1559//1559 1483//1483 1482//1482
f 1361//1361 1371//1371 1560//1560
f 1361//1361 1560//1560 1546//1546
f 1546//1546 1560//1560 1561//1561
f 1546//1546 1561//1561 1548//1548
f 1548//1548 1561//1561 1562//1562
f 1548//1548 1562//1562 1550//1550
f 1550//1550 1562//1562 1563//1563
f 1550//1550 1563//1563 1552//1552
f 1552//1552 1563//1563 1564//1564
f 1552//1552 1564//1564 1554//1554
f 1554//1554 1564//1564 1565//1565
f 1554//1554 1565//1565 1556//1556
f 1556//1556 1565//1565 1566//1566
f 1556//1556 1566//1566 1558//1558
f 1558//1558 1566//1566 1498//1498
f 1558//1558 1498//1498 1483//1483
f 1371//1371 1380//1380 1567//1567
f 1371//1371 1567//1567 1560//1560
f 1560//1560 1567//1567 1568//1568
f 1560//1560 1568//1568 1561//1561
f 1561//1561 1568//1568 1569//1569
f 1561//1561 1569//1569 1562//1562
f 1562//1562 1569//1569 1570//1570
f 1562//1562 1570//1570 1563//1563
f 1563//1563 1570//1570 1571//1571
f 1563//1563 1571//1571 1564//1564
f 1564//1564 1571//1571 1572//1572
f 1564//1564 1572//1572 1565//1565
f 1565//1565 1572//1572 1573//1573
f 1565//1565 1573//1573 1566//1566
f 1566//1566 1573//1573 1506//1506
f 1566//1566 1506//1506 1498//1498
f 1380//1380 1389//1389 1574//1574
f 1380//1380 1574//1574 1567//1567
f 1567//1567 1574//1574 1575//1575
f 1567//1567 1575//1575 1568//1568
f 1568//1568 1575//1575 1576//1576
f 1568//1568 1576//1576 1569//1569
f 1569//1569 1576//1576 1577//1577
f 1569//1569 1577//1577 1570//1570
f 1570//1570 1577//1577 1578//1578
f 1570//1570 1578//1578 1571//1571
f 1571//1571 1578//1578 1579//1579
f 1571//1571 1579//1579 1572//1572
f 1572//1572 1579//1579 1580//1580
f 1572//1572 1580//1580 1573//1573
f 1573//1573 1580//1580 1514//1514
f 1573//1573 1514//1514 1506//1506
f 1389//1389 1398//1398 1581//1581
f 1389//1389 1581//1581 1574//1574
f 1574//1574 1581//1581 1582//1582
f 1574//1574 1582//1582 1575//1575
f 1575//1575 1582//1582 1583//1583
f 1575//1575 1583//1583 1576//1576
f 1576//1576 1583//1583 1584//1584
f 1576//1576 1584//1584 1577//1577
f 1577//1577 1584//1584 1585//1585
f 1577//1577 1585//1585 1578//1578
f 1578//1578 1585//1585 1586//1586
f 1578//1578 1586//1586 1579//1579
f 1579//1579 1586//1586 1587//1587
f 1579//1579 1587//1587 1580//1580
f 1580//1580 1587//1587 1522//1522
f 1580//1580 1522//1522 1514//1514
f 1398//1398 1407//1407 1588//1588
f 1398//1398 1588//1588 1581//1581
f 1581//1581 1588//1588 1589//1589
f 1581//1581 1589//1589 1582//1582
f 1582//1582 1589//1589 1590//1590
f 1582//1582 1590//1590 1583//1583
f 1583//1583 1590//1590 1591//1591
f 1583//1583 1591//1591 1584//1584
f 1584//1584 1591//1591 1592//1592
f 1584//1584 1592//1592 1585//1585
f 1585//1585 1592//1592 1593//1593
f 1585//1585 1593//1593 1586//1586
f 1586//1586 1593//1593 1594//1594
f 1586//1586 1594//1594 1587//1587
f 1587//1587 1594//1594 1530//1530
f 1587//1587 1530//1530 1522//1522
f 1407//1407 1416//1416 1595//1595
f 1407//1407 1595//1595 1588//1588
f 1588//1588 1595//1595 1596//1596
f 1588//1588 1596//1596 1589//1589
f 1589//1589 1596//1596 1597//1597
f 1589//1589 1597//1597 1590//1590
f 1590//1590 1597//1597 1598//1598
f 1590//1590 1598//1598 1591//1591
f 1591//1591 1598//1598 1599//1599
f 1591//1591 1599//1599 1592//1592
f 1592//1592 1599//1599 1600//1600
f 1592//1592 1600//1600 1593//1593
f 1593//1593 1600//1600 1601//1601
f 1593//1593 1601//1601 1594//1594
f 1594//1594 1601//1601 1538//1538
f 1594//1594 1538//1538 1530//1530
f 1416//1416 1417//1417 1595//1595
f 1595//1595 1417//1417 1596//1596
f 1596//1596 1417//1417 1597//1597
f 1597//1597 1417//1417 1598//1598
f 1598//1598 1417//1417 1599//1599
f 1599//1599 1417//1417 1600//1600
f 1600//1600 1417//1417 1601//1601
f 1601//1601 1417//1417 1538//1538
f 1602//1602 1603//1603 1604//1604
f 1602//1602 1604//1604 1605//1605
f 1605//1605 1604//1604 1606//1606
f 1605//1605 1606//1606 1607//1607
f 1607//1607 1606//1606 1608//1608
f 1607//1607 1608//1608 1609//1609
f 1609//1609 1608//1608 1610//1610
f 1609//1609 1610//1610 1611//1611
f 1611//1611 1610//1610 1612//1612
f 1611//1611 1612//1612 1613//1613
f 1613//1613 1612//1612 1614//1614
f 1613//1613 1614//1614 1615//1615
f 1615//1615 1614//1614 1616//1616
f 1615//1615 1616//1616 1617//1617
f 1617//1617 1616//1616 1618//1618
f 1617//1617 1618//1618 1619//1619
f 1603//1603 1620//1620 1621//1621
f 1603//1603 1621//1621 1604//1604
f 1604//1604 1621//1621 1622//1622
f 1604//1604 1622//1622 1606//1606
f 1606//1606 1622//1622 1623//1623
f 1606//1606 1623//1623 1608//1608
f 1608//1608 1623//1623 1624//1624
f 1608//1608 1624//1624 1610//1610
f 1610//1610 1624//1624 1625//1625
f 1610//1610 1625//1625 1612//1612
f 1612//1612 1625//1625 1626//1626
f 1612//1612 1626//1626 1614//1614
f 1614//1614 1626//1626 1627//1627
f 1614//1614 1627//1627 1616//1616
f 1616//1616 1627//1627 1628//1628
f 1616//1616 1628//1628 1618//1618
f 1620//1620 1629//1629 1630//1630
f 1620//1620 1630//1630 1621//1621
f 1621//1621 1630//1630 1631//1631
f 1621//1621 1631//1631 1622//1622
f 1622//1622 1631//1631 1632//1632
f 1622//1622 1632//1632 1623//1623
f 1623//1623 1632//1632 1633//1633
f 1623//1623 1633//1633 1624//1624
f 1624//1624 1633//1633 1634//1634
f 1624//1624 1634//1634 1625//1625
f 1625//1625 1634//1634 1635//1635
f 1625//1625 1635//1635 1626//1626
f 1626//1626 1635//1635 1636//1636
f 1626//1626 1636//1636 1627//1627
f 1627//1627 1636//1636 1637//1637
f 1627//1627 1637//1637 1628//1628
f 1629//1629 1638//1638 1639//1639
f 1629//1629 1639//1639 1630//1630
f 1630//1630 1639//1639 1640//1640
f 1630//1630 1640//1640 1631//1631
f 1631//1631 1640//1640 1641//1641
f 1631//1631 1641//1641 1632//1632
f 1632//1632 1641//1641 1642//1642
f 1632//1632 1642//1642 1633//1633
f 1633//1633 1642//1642 1643//1643
f 1633//1633 1643//1643 1634//1634
f 1634//1634 1643//1643 1644//1644
f 1634//1634 1644//1644 1635//1635
f 1635//1635 1644//1644 1645//1645
f 1635//1635 1645//1645 1636//1636
f 1636//1636 1645//1645 1646//1646
f 1636//1636 1646//1646 1637//1637
f 1638//1638 1647//1647 1648//1648
f 1638//1638 1648//1648 1639//1639
f 1639//1639 1648//1648 1649//1649
f 1639//1639 1649//1649 1640//1640
f 1640//1640 1649//1649 1650//1650
f 1640//1640 1650//1650 1641//1641
f 1641//1641 1650//1650 1651//1651
f 1641//1641 1651//1651 1642//1642
f 1642//1642 1651//1651 1652//1652
f 1642//1642 1652//1652 1643//1643
f 1643//1643 1652//1652 1653//1653
f 1643//1643 1653//1653 1644//1644
f 1644//1644 1653//1653 1654//1654
f 1644//1644 1654//1654 1645//1645
f 1645//1645 1654//1654 1655//1655
f 1645//1645 1655//1655 1646//1646
f 1647//1647 1656//1656 1657//1657
f 1647//1647 1657//1657 1648//1648
f 1648//1648 1657//1657 1658//1658
f 1648//1648 1658//1658 1649//1649
f 1649//1649 1658//1658 1659//1659
f 1649//1649 1659//1659 1650//1650
f 1650//1650 1659//1659 1660//1660
f 1650//1650 1660//1660 1651//1651
f 1651//1651 1660//1660 1661//1661
f 1651//1651 1661//1661 1652//1652
f 1652//1652 1661//1661 1662//1662
f 1652//1652 1662//1662 1653//1653
f 1653//1653 1662//1662 1663//1663
f 1653//1653 1663//1663 1654//1654
f 1654//1654 1663//1663 1664//1664
f 1654//1654 1664//1664 1655//1655
f 1656//1656 1665//1665 1666//1666
f 1656//1656 1666//1666 1657//1657
f 1657//1657 1666//1666 1667//1667
f 1657//1657 1667//1667 1658//1658
f 1658//1658 1667//1667 1668//1668
f 1658//1658 1668//1668 1659//1659
f 1659//1659 1668//1668 1669//1669
f 1659//1659 1669//1669 1660//1660
f 1660//1660 1669//1669 1670//1670
f 1660//1660 1670//1670 1661//1661
f 1661//1661 1670//1670 1671//1671
f 1661//1661 1671//1671 1662//1662
f 1662//1662 1671//1671 1672//1672
f 1662//1662 1672//1672 1663//1663
f 1663//1663 1672//1672 1673//1673
f 1663//1663 1673//1673 1664//1664
f 1665//1665 1345//1345 1348//1348
f 1665//1665 1348//1348 1666//1666
f 1666//1666 1348//1348 1350//1350
f 1666//1666 1350//1350 1667//1667
f 1667//1667 1350//1350 1352//1352
f 1667//1667 1352//1352 1668//1668
f 1668//1668 1352//1352 1354//1354
f 1668//1668 1354//1354 1669//1669
f 1669//1669 1354//1354 1356//1356
f 1669//1669 1356//1356 1670//1670
f 1670//1670 1356//1356 1358//1358
f 1670//1670 1358//1358 1671//1671
f 1671//1671 1358//1358 1360//1360
f 1671//1671 1360//1360 1672//1672
f 1672//1672 1360//1360 1362//1362
f 1672//1672 1362//1362 1673//1673
f 1674//1674 1675//1675 1676//1676
f 1674//1674 1676//1676 1677//1677
f 1677//1677 1676//1676 1678//1678
f 1677//1677 1678//1678 1679//1679
f 1679//1679 1678//1678 1680//1680
f 1679//1679 1680//1680 1681//1681
f 1681//1681 1680//1680 1682//1682
f 1681//1681 1682//1682 1683//1683
f 1683//1683 1682//1682 1684//1684
f 1683//1683 1684//1684 1685//1685
f 1685//1685 1684//1684 1686//1686
f 1685//1685 1686//1686 1687//1687
f 1687//1687 1686//1686 1688//1688
f 1687//1687 1688//1688 1689//1689
f 1689//1689 1688//1688 1603//1603
f 1689//1689 1603//1603 1602//1602
f 1675//1675 1690//1690 1691//1691
f 1675//1675 1691//1691 1676//1676
f 1676//1676 1691//1691 1692//1692
f 1676//1676 1692//1692 1678//1678
f 1678//1678 1692//1692 1693//1693
f 1678//1678 1693//1693 1680//1680
f 1680//1680 1693//1693 1694//1694
f 1680//1680 1694//1694 1682//1682
f 1682//1682 1694//1694 1695//1695
f 1682//1682 1695//1695 1684//1684
f 1684//1684 1695//1695 1696//1696
f 1684//1684 1696//1696 1686//1686
f 1686//1686 1696//1696 1697//1697
f 1686//1686 1697//1697 1688//1688
f 1688//1688 1697//1697 1620//1620
f 1688//1688 1620//1620 1603//1603
f 1690//1690 1698//1698 1699//1699
f 1690//1690 1699//1699 1691//1691
f 1691//1691 1699//1699 1700//1700
f 1691//1691 1700//1700 1692//1692
f 1692//1692 1700//1700 1701//1701
f 1692//1692 1701//1701 1693//1693
f 1693//1693 1701//1701 1702//1702
f 1693//1693 1702//1702 1694//1694
f 1694//1694 1702//1702 1703//1703
f 1694//1694 1703//1703 1695//1695
f 1695//1695 1703//1703 1704//1704
f 1695//1695 1704//1704 1696//1696
f 1696//1696 1704//1704 1705//1705
f 1696//1696 1705//1705 1697//1697
f 1697//1697 1705//1705 1629//1629
f 1697//1697 1629//1629 1620//1620
f 1698//1698 1706//1706 1707//1707
f 1698//1698 1707//1707 1699//1699
f 1699//1699 1707//1707 1708//1708
f 1699//1699 1708//1708 1700//1700
f 1700//1700 1708//1708 1709//1709
f 1700//1700 1709//1709 1701//1701
f 1701//1701 1709//1709 1710//1710
f 1701//1701 1710//1710 1702//1702
f 1702//1702 1710//1710 1711//1711
f 1702//1702 1711//1711 1703//1703
f 1703//1703 1711//1711 1712//1712
f 1703//1703 1712//1712 1704//1704
f 1704//1704 1712//1712 1713//1713
f 1704//1704 1713//1713 1705//1705
f 1705//1705 1713//1713 1638//1638
f 1705//1705 1638//1638 1629//1629
f 1706//1706 1714//1714 1715//1715
f 1706//1706 1715//1715 1707//1707
f 1707//1707 1715//1715 1716//1716
f 1707//1707 1716//1716 1708//1708
f 1708//1708 1716//1716 1717//1717
f 1708//1708 1717//1717 1709//1709
f 1709//1709 1717//1717 1718//1718
f 1709//1709 1718//1718 1710//1710
f 1710//1710 1718//1718 1719//1719
f 1710//1710 1719//1719 1711//1711
f 1711//1711 1719//1719 1720//1720
f 1711//1711 1720//1720 1712//1712
f 1712//1712 1720//1720 1721//1721
f 1712//1712 1721//1721 1713//1713
f 1713//1713 1721//1721 1647//1647
f 1713//1713 1647//1647 1638//1638
f 1714//1714 1722//1722 1723//1723
f 1714//1714 1723//1723 1715//1715
f 1715//1715 1723//1723 1724//1724
f 1715//1715 1724//1724 1716//1716
f 1716//1716 1724//1724 1725//1725
f 1716//1716 1725//1725 1717//1717
f 1717//1717 1725//1725 1726//1726
f 1717//1717 1726//1726 1718//1718
f 1718//1718 1726//1726 1727//1727
f 1718//1718 1727//1727 1719//1719
f 1719//1719 1727//1727 1728//1728
f 1719//1719 1728//1728 1720//1720
f 1720//1720 1728//1728 1729//1729
f 1720//1720 1729//1729 1721//1721
f 1721//1721 1729//1729 1656//1656
f 1721//1721 1656//1656 1647//1647
f 1722//1722 1730//1730 1731//1731
f 1722//1722 1731//1731 1723//1723
f 1723//1723 1731//1731 1732//1732
f 1723//1723 1732//1732 1724//1724
f 1724//1724 1732//1732 1733//1733
f 1724//1724 1733//1733 1725//1725
f 1725//1725 1733//1733 1734//1734
f 1725//1725 1734//1734 1726//1726
f 1726//1726 1734//1734 1735//1735
f 1726//1726 1735//1735 1727//1727
f 1727//1727 1735//1735 1736//1736
f 1727//1727 1736//1736 1728//1728
f 1728//1728 1736//1736 1737//1737
f 1728//1728 1737//1737 1729//1729
f 1729//1729 1737//1737 1665//1665
f 1729//1729 1665//1665 1656//1656
f 1730//1730 1418//1418 1421//1421
f 1730//1730 1421//1421 1731//1731
f 1731//1731 1421//1421 1423//1423
f 1731//1731 1423//1423 1732//1732
f 1732//1732 1423//1423 1425//1425
f 1732//1732 1425//1425 1733//1733
f 1733//1733 1425//1425 1427//1427
f 1733//1733 1427//1427 1734//1734
f 1734//1734 1427//1427 1429//1429
f 1734//1734 1429//1429 1735//1735
f 1735//1735 1429//1429 1431//1431
f 1735//1735 1431//1431 1736//1736
f 1736//1736 1431//1431 1433//1433
f 1736//1736 1433//1433 1737//1737
f 1737//1737 1433//1433 1345//1345
f 1737//1737 1345//1345 1665//1665
f 1738//1738 1739//1739 1740//1740
f 1738//1738 1740//1740 1741//1741
f 1741//1741 1740//1740 1742//1742
f 1741//1741 1742//1742 1743//1743
f 1743//1743 1742//1742 1744//1744
f 1743//1743 1744//1744 1745//1745
f 1745//1745 1744//1744 1746//1746
f 1745//1745 1746//1746 1747//1747
f 1747//1747 1746//1746 1748//1748
f 1747//1747 1748//1748 1749//1749
f 1749//1749 1748//1748 1750//1750
f 1749//1749 1750//1750 1751//1751
f 1751//1751 1750//1750 1752//1752
f 1751//1751 1752//1752 1753//1753
f 1753//1753 1752//1752 1675//1675
f 1753//1753 1675//1675 1674//1674
f 1739//1739 1754//1754 1755//1755
f 1739//1739 1755//1755 1740//1740
f 1740//1740 1755//1755 1756//1756
f 1740//1740 1756//1756 1742//1742
f 1742//1742 1756//1756 1757//1757
f 1742//1742 1757//1757 1744//1744
f 1744//1744 1757//1757 1758//1758
f 1744//1744 1758//1758 1746//1746
f 1746//1746 1758//1758 1759//1759
f 1746//1746 1759//1759 1748//1748
f 1748//1748 1759//1759 1760//1760
f 1748//1748 1760//1760 1750//1750
f 1750//1750 1760//1760 1761//1761
f 1750//1750 1761//1761 1752//1752
f 1752//1752 1761//1761 1690//1690
f 1752//1752 1690//1690 1675//1675
f 1754//1754 1762//1762 1763//1763
f 1754//1754 1763//1763 1755//1755
f 1755//1755 1763//1763 1764//1764
f 1755//1755 1764//1764 1756//1756
f 1756//1756 1764//1764 1765//1765
f 1756//1756 1765//1765 1757//1757
f 1757//1757 1765//1765 1766//1766
f 1757//1757 1766//1766 1758//1758
f 1758//1758 1766//1766 1767//1767
f 1758//1758 1767//1767 1759//1759
f 1759//1759 1767//1767 1768//1768
f 1759//1759 1768//1768 1760//1760
f 1760//1760 1768//1768 1769//1769
f 1760//1760 1769//1769 1761//1761
f 1761//1761 1769//1769 1698//1698
f 1761//1761 1698//1698 1690//1690
f 1762//1762 1770//1770 1771//1771
f 1762//1762 1771//1771 1763//1763
f 1763//1763 1771//1771 1772//1772
f 1763//1763 1772//1772 1764//1764
f 1764//1764 1772//1772 1773//1773
f 1764//1764 1773//1773 1765//1765
f 1765//1765 1773//1773 1774//1774
f 1765//1765 1774//1774 1766//1766
f 1766//1766 1774//1774 1775//1775
f 1766//1766 1775//1775 1767//1767
f 1767//1767 1775//1775 1776//1776
f 1767//1767 1776//1776 1768//1768
f 1768//1768 1776//1776 1777//1777
f 1768//1768 1777//1777 1769//1769
f 1769//1769 1777//1777 1706//1706
f 1769//1769 1706//1706 1698//1698
f 1770//1770 1778//1778 1779//1779
f 1770//1770 1779//1779 1771//1771
f 1771//1771 1779//1779 1780//1780
f 1771//1771 1780//1780 1772//1772
f 1772//1772 1780//1780 1781//1781
f 1772//1772 1781//1781 1773//1773
f 1773//1773 1781//1781 1782//1782
f 1773//1773 1782//1782 1774//1774
f 1774//1774 1782//1782 1783//1783
f 1774//1774 1783//1783 1775//1775
f 1775//1775 1783//1783 1784//1784
f 1775//1775 1784//1784 1776//1776
f 1776//1776 1784//1784 1785//1785
f 1776//1776 1785//1785 1777//1777
f 1777//1777 1785//1785 1714//1714
f 1777//1777 1714//1714 1706//1706
f 1778//1778 1786//1786 1787//1787
f 1778//1778 1787//1787 1779//1779
f 1779//1779 1787//1787 1788//1788
f 1779//1779 1788//1788 1780//1780
f 1780//1780 1788//1788 1789//1789
f 1780//1780 1789//1789 1781//1781
f 1781//1781 1789//1789 1790//1790
f 1781//1781 1790//1790 1782//1782
f 1782//1782 1790//1790 1791//1791
f 1782//1782 1791//1791 1783//1783
f 1783//1783 1791//1791 1792//1792
f 1783//1783 1792//1792 1784//1784
f 1784//1784 1792//1792 1793//1793
f 1784//1784 1793//1793 1785//1785
f 1785//1785 1793//1793 1722//1722
f 1785//1785 1722//1722 1714//1714
f 1786//1786 1794//1794 1795//1795
f 1786//1786 1795//1795 1787//1787
f 1787//1787 1795//1795 1796//1796
f 1787//1787 1796//1796 1788//1788
f 1788//1788 1796//1796 1797//1797
f 1788//1788 1797//1797 1789//1789
f 1789//1789 1797//1797 1798//1798
f 1789//1789 1798//1798 1790//1790
f 1790//1790 1798//1798 1799//1799
f 1790//1790 1799//1799 1791//1791
f 1791//1791 1799//1799 1800//1800
f 1791//1791 1800//1800 1792//1792
f 1792//1792 1800//1800 1801//1801
f 1792//1792 1801//1801 1793//1793
f 1793//1793 1801//1801 1730//1730
f 1793//1793 1730//1730 1722//1722
f 1794//1794 1482//1482 1485//1485
f 1794//1794 1485//1485 1795//1795
f 1795//1795 1485//1485 1487//1487
f 1795//1795 1487//1487 1796//1796
f 1796//1796 1487//1487 1489//1489
f 1796//1796 1489//1489 1797//1797
f 1797//1797 1489//1489 1491//1491
f 1797//1797 1491//1491 1798//1798
f 1798//1798 1491//1491 1493//1493
f 1798//1798 1493//1493 1799//1799
f 1799//1799 1493//1493 1495//1495
f 1799//1799 1495//1495 1800//1800
f 1800//1800 1495//1495 1497//1497
f 1800//1800 1497//1497 1801//1801
f 1801//1801 1497//1497 1418//1418
f 1801//1801 1418//1418 1730//1730
f 1619//1619 1618//1618 1802//1802
f 1619//1619 1802//1802 1803//1803
f 1803//1803 1802//1802 1804//1804
f 1803//1803 1804//1804 1805//1805
f 1805//1805 1804//1804 1806//1806
f 1805//1805 1806//1806 1807//1807
f 1807//1807 1806//1806 1808//1808
f 1807//1807 1808//1808 1809//1809
f 1809//1809 1808//1808 1810//1810
f 1809//1809 1810//1810 1811//1811
f 1811//1811 1810//1810 1812//1812
f 1811//1811 1812//1812 1813//1813
f 1813//1813 1812//1812 1814//1814
f 1813//1813 1814//1814 1815//1815
f 1815//1815 1814//1814 1739//1739
f 1815//1815 1739//1739 1738//1738
f 1618//1618 1628//1628 1816//1816
f 1618//1618 1816//1816 1802//1802
f 1802//1802 1816//1816 1817//1817
f 1802//1802 1817//1817 1804//1804
f 1804//1804 1817//1817 1818//1818
f 1804//1804 1818//1818 1806//1806
f 1806//1806 1818//1818 1819//1819
f 1806//1806 1819//1819 1808//1808
f 1808//1808 1819//1819 1820//1820
f 1808//1808 1820//1820 1810//1810
f 1810//1810 1820//1820 1821//1821
f 1810//1810 1821//1821 1812//1812
f 1812//1812 1821//1821 1822//1822
f 1812//1812 1822//1822 1814//1814
f 1814//1814 1822//1822 1754//1754
f 1814//1814 1754//1754 1739//1739
f 1628//1628 1637//1637 1823//1823
f 1628//1628 1823//1823 1816//1816
f 1816//1816 1823//1823 1824//1824
f 1816//1816 1824//1824 1817//1817
f 1817//1817 1824//1824 1825//1825
f 1817//1817 1825//1825 1818//1818
f 1818//1818 1825//1825 1826//1826
f 1818//1818 1826//1826 1819//1819
f 1819//1819 1826//1826 1827//1827
f 1819//1819 1827//1827 1820//1820
f 1820//1820 1827//1827 1828//1828
f 1820//1820 1828//1828 1821//1821
f 1821//1821 1828//1828 1829//1829
f 1821//1821 1829//1829 1822//1822
f 1822//1822 1829//1829 1762//1762
f 1822//1822 1762//1762 1754//1754
f 1637//1637 1646//1646 1830//1830
f 1637//1637 1830//1830 1823//1823
f 1823//1823 1830//1830 1831//1831
f 1823//1823 1831//1831 1824//1824
f 1824//1824 1831//1831 1832//1832
f 1824//1824 1832//1832 1825//1825
f 1825//1825 1832//1832 1833//1833
f 1825//1825 1833//1833 1826//1826
f 1826//1826 1833//1833 1834//1834
f 1826//1826 1834//1834 1827//1827
f 1827//1827 1834//1834 1835//1835
f 1827//1827 1835//1835 1828//1828
f 1828//1828 1835//1835 1836//1836
f 1828//1828 1836//1836 1829//1829
f 1829//1829 1836//1836 1770//1770
f 1829//1829 1770//1770 1762//1762
f 1646//1646 1655//1655 1837//1837
f 1646//1646 1837//1837 1830//1830
f 1830//1830 1837//1837 1838//1838
f 1830//1830 1838//1838 1831//1831
f 1831//1831 1838//1838 1839//1839
f 1831//1831 1839//1839 1832//1832
f 1832//1832 1839//1839 1840//1840
f 1832//1832 1840//1840 1833//1833
f 1833//1833 1840//1840 1841//1841
f 1833//1833 1841//1841 1834//1834
f 1834//1834 1841//1841 1842//1842
f 1834//1834 1842//1842 1835//1835
f 1835//1835 1842//1842 1843//1843
f 1835//1835 1843//1843 1836//1836
f 1836//1836 1843//1843 1778//1778
f 1836//1836 1778//1778 1770//1770
f 1655//1655 1664//1664 1844//1844
f 1655//1655 1844//1844 1837//1837
f 1837//1837 1844//1844 1845//1845
f 1837//1837 1845//1845 1838//1838
f 1838//1838 1845//1845 1846//1846
f 1838//1838 1846//1846 1839//1839
f 1839//1839 1846//1846 1847//1847
f 1839//1839 1847//1847 1840//1840
f 1840//1840 1847//1847 1848//1848
f 1840//1840 1848//1848 1841//1841
f 1841//1841 1848//1848 1849//1849
f 1841//1841 1849//1849 1842//1842
f 1842//1842 1849//1849 1850//1850
f 1842//1842 1850//1850 1843//1843
f 1843//1843 1850//1850 1786//1786
f 1843//1843 1786//1786 1778//1778
f 1664//1664 1673//1673 1851//1851
f 1664//1664 1851//1851 1844//1844
f 1844//1844 1851//1851 1852//1852
f 1844//1844 1852//1852 1845//1845
f 1845//1845 1852//1852 1853//1853
f 1845//1845 1853//1853 1846//1846
f 1846//1846 1853//1853 1854//1854
f 1846//1846 1854//1854 1847//1847
f 1847//1847 1854//1854 1855//1855
f 1847//1847 1855//1855 1848//1848
f 1848//1848 1855//1855 1856//1856
f 1848//1848 1856//1856 1849//1849
f 1849//1849 1856//1856 1857//1857
f 1849//1849 1857//1857 1850//1850
f 1850//1850 1857//1857 1794//1794
f 1850//1850 1794//1794 1786//1786
f 1673//1673 1362//1362 1547//1547
f 1673//1673 1547//1547 1851//1851
f 1851//1851 1547//1547 1549//1549
f 1851//1851 1549//1549 1852//1852
f 1852//1852 1549//1549 1551//1551
f 1852//1852 1551//1551 1853//1853
f 1853//1853 1551//1551 1553//1553
f 1853//1853 1553//1553 1854//1854
f 1854//1854 1553//1553 1555//1555
f 1854//1854 1555//1555 1855//1855
f 1855//1855 1555//1555 1557//1557
f 1855//1855 1557//1557 1856//1856
f 1856//1856 1557//1557 1559//1559
f 1856//1856 1559//1559 1857//1857
f 1857//1857 1559//1559 1482//1482
f 1857//1857 1482//1482 1794//1794
f 681//681 1858//1858 1859//1859
f 681//681 1859//1859 1860//1860
f 1860//1860 1859//1859 1861//1861
f 1860//1860 1861//1861 756//756
f 756//756 1861//1861 1862//1862
f 756//756 1862//1862 1863//1863
f 1863//1863 1862//1862 1864//1864
f 1863//1863 1864//1864 752//752
f 752//752 1864//1864 1865//1865
f 752//752 1865//1865 750//750
f 750//750 1865//1865 1866//1866
f 750//750 1866//1866 1867//1867
f 1867//1867 1866//1866 1868//1868
f 1867//1867 1868//1868 746//746
f 746//746 1868//1868 1869//1869
f 746//746 1869//1869 562//562
f 1858//1858 1870//1870 1871//1871
f 1858//1858 1871//1871 1859//1859
f 1859//1859 1871//1871 1872//1872
f 1859//1859 1872//1872 1861//1861
f 1861//1861 1872//1872 1873//1873
f 1861//1861 1873//1873 1862//1862
f 1862//1862 1873//1873 1874//1874
f 1862//1862 1874//1874 1864//1864
f 1864//1864 1874//1874 1875//1875
f 1864//1864 1875//1875 1865//1865
f 1865//1865 1875//1875 1876//1876
f 1865//1865 1876//1876 1866//1866
f 1866//1866 1876//1876 1877//1877
f 1866//1866 1877//1877 1868//1868
f 1868//1868 1877//1877 1878//1878
f 1868//1868 1878//1878 1869//1869
f 1870//1870 1879//1879 1880//1880
f 1870//1870 1880//1880 1871//1871
f 1871//1871 1880//1880 1881//1881
f 1871//1871 1881//1881 1872//1872
f 1872//1872 1881//1881 1882//1882
f 1872//1872 1882//1882 1873//1873
f 1873//1873 1882//1882 1883//1883
f 1873//1873 1883//1883 1874//1874
f 1874//1874 1883//1883 1884//1884
f 1874//1874 1884//1884 1875//1875
f 1875//1875 1884//1884 1885//1885
f 1875//1875 1885//1885 1876//1876
f 1876//1876 1885//1885 1886//1886
f 1876//1876 1886//1886 1877//1877
f 1877//1877 1886//1886 1887//1887
f 1877//1877 1887//1887 1878//1878
f 1879//1879 1888//1888 1889//1889
f 1879//1879 1889//1889 1880//1880
f 1880//1880 1889//1889 1890//1890
f 1880//1880 1890//1890 1881//1881
f 1881//1881 1890//1890 1891//1891
f 1881//1881 1891//1891 1882//1882
f 1882//1882 1891//1891 1892//1892
f 1882//1882 1892//1892 1883//1883
f 1883//1883 1892//1892 1893//1893
f 1883//1883 1893//1893 1884//1884
f 1884//1884 1893//1893 1894//1894
f 1884//1884 1894//1894 1885//1885
f 1885//1885 1894//1894 1895//1895
f 1885//1885 1895//1895 1886//1886
f 1886//1886 1895//1895 1896//1896
f 1886//1886 1896//1896 1887//1887
f 1888//1888 1897//1897 1898//1898
f 1888//1888 1898//1898 1889//1889
f 1889//1889 1898//1898 1899//1899
f 1889//1889 1899//1899 1890//1890
f 1890//1890 1899//1899 1900//1900
f 1890//1890 1900//1900 1891//1891
f 1891//1891 1900//1900 1901//1901
f 1891//1891 1901//1901 1892//1892
f 1892//1892 1901//1901 1902//1902
f 1892//1892 1902//1902 1893//1893
f 1893//1893 1902//1902 1903//1903
f 1893//1893 1903//1903 1894//1894
f 1894//1894 1903//1903 1904//1904
f 1894//1894 1904//1904 1895//1895
f 1895//1895 1904//1904 1905//1905
f 1895//1895 1905//1905 1896//1896
f 1897//1897 1906//1906 1907//1907
f 1897//1897 1907//1907 1898//1898
f 1898//1898 1907//1907 1908//1908
f 1898//1898 1908//1908 1899//1899
f 1899//1899 1908//1908 1909//1909
f 1899//1899 1909//1909 1900//1900
f 1900//1900 1909//1909 1910//1910
f 1900//1900 1910//1910 1901//1901
f 1901//1901 1910//1910 1911//1911
f 1901//1901 1911//1911 1902//1902
f 1902//1902 1911//1911 1912//1912
f 1902//1902 1912//1912 1903//1903
f 1903//1903 1912//1912 1913//1913
f 1903//1903 1913//1913 1904//1904
f 1904//1904 1913//1913 1914//1914
f 1904//1904 1914//1914 1905//1905
f 1906//1906 1915//1915 1916//1916
f 1906//1906 1916//1916 1907//1907
f 1907//1907 1916//1916 1917//1917
f 1907//1907 1917//1917 1908//1908
f 1908//1908 1917//1917 1918//1918
f 1908//1908 1918//1918 1909//1909
f 1909//1909 1918//1918 1919//1919
f 1909//1909 1919//1919 1910//1910
f 1910//1910 1919//1919 1920//1920
f 1910//1910 1920//1920 1911//1911
f 1911//1911 1920//1920 1921//1921
f 1911//1911 1921//1921 1912//1912
f 1912//1912 1921//1921 1922//1922
f 1912//1912 1922//1922 1913//1913
f 1913//1913 1922//1922 1923//1923
f 1913//1913 1923//1923 1914//1914
f 1915//1915 1924//1924 1916//1916
f 1916//1916 1924//1924 1917//1917
f 1917//1917 1924//1924 1918//1918
f 1918//1918 1924//1924 1919//1919
f 1919//1919 1924//1924 1920//1920
f 1920//1920 1924//1924 1921//1921
f 1921//1921 1924//1924 1922//1922
f 1922//1922 1924//1924 1923//1923
f 617//617 1925//1925 1926//1926
f 617//617 1926//1926 696//696
f 696//696 1926//1926 1927//1927
f 696//696 1927//1927 1928//1928
f 1928//1928 1927//1927 1929//1929
f 1928//1928 1929//1929 1930//1930
f 1930//1930 1929//1929 1931//1931
f 1930//1930 1931//1931 1932//1932
f 1932//1932 1931//1931 1933//1933
f 1932//1932 1933//1933 688//688
f 688//688 1933//1933 1934//1934
f 688//688 1934//1934 1935//1935
f 1935//1935 1934//1934 1936//1936
f 1935//1935 1936//1936 684//684
f 684//684 1936//1936 1858//1858
f 684//684 1858//1858 681//681
f 1925//1925 1937//1937 1938//1938
f 1925//1925 1938//1938 1926//1926
f 1926//1926 1938//1938 1939//1939
f 1926//1926 1939//1939 1927//1927
f 1927//1927 1939//1939 1940//1940
f 1927//1927 1940//1940 1929//1929
f 1929//1929 1940//1940 1941//1941
f 1929//1929 1941//1941 1931//1931
f 1931//1931 1941//1941 1942//1942
f 1931//1931 1942//1942 1933//1933
f 1933//1933 1942//1942 1943//1943
f 1933//1933 1943//1943 1934//1934
f 1934//1934 1943//1943 1944//1944
f 1934//1934 1944//1944 1936//1936
f 1936//1936 1944//1944 1870//1870
f 1936//1936 1870//1870 1858//1858
f 1937//1937 1945//1945 1946//1946
f 1937//1937 1946//1946 1938//1938
f 1938//1938 1946//1946 1947//1947
f 1938//1938 1947//1947 1939//1939
f 1939//1939 1947//1947 1948//1948
f 1939//1939 1948//1948 1940//1940
f 1940//1940 1948//1948 1949//1949
f 1940//1940 1949//1949 1941//1941
f 1941//1941 1949//1949 1950//1950
f 1941//1941 1950//1950 1942//1942
f 1942//1942 1950//1950 1951//1951
f 1942//1942 1951//1951 1943//1943
f 1943//1943 1951//1951 1952//1952
f 1943//1943 1952//1952 1944//1944
f 1944//1944 1952//1952 1879//1879
f 1944//1944 1879//1879 1870//1870
f 1945//1945 1953//1953 1954//1954
f 1945//1945 1954//1954 1946//1946
f 1946//1946 1954//1954 1955//1955
f 1946//1946 1955//1955 1947//1947
f 1947//1947 1955//1955 1956//1956
f 1947//1947 1956//1956 1948//1948
f 1948//1948 1956//1956 1957//1957
f 1948//1948 1957//1957 1949//1949
f 1949//1949 1957//1957 1958//1958
f 1949//1949 1958//1958 1950//1950
f 1950//1950 1958//1958 1959//1959
f 1950//1950 1959//1959 1951//1951
f 1951//1951 1959//1959 1960//1960
f 1951//1951 1960//1960 1952//1952
f 1952//1952 1960//1960 1888//1888
f 1952//1952 1888//1888 1879//1879
f 1953//1953 1961//1961 1962//1962
f 1953//1953 1962//1962 1954//1954
f 1954//1954 1962//1962 1963//1963
f 1954//1954 1963//1963 1955//1955
f 1955//1955 1963//1963 1964//1964
f 1955//1955 1964//1964 1956//1956
f 1956//1956 1964//1964 1965//1965
f 1956//1956 1965//1965 1957//1957
f 1957//1957 1965//1965 1966//1966
f 1957//1957 1966//1966 1958//1958
f 1958//1958 1966//1966 1967//1967
f 1958//1958 1967//1967 1959//1959
f 1959//1959 1967//1967 1968//1968
f 1959//1959 1968//1968 1960//1960
f 1960//1960 1968//1968 1897//1897
f 1960//1960 1897//1897 1888//1888
f 1961//1961 1969//1969 1970//1970
f 1961//1961 1970//1970 1962//1962
f 1962//1962 1970//1970 1971//1971
f 1962//1962 1971//1971 1963//1963
f 1963//1963 1971//1971 1972//1972
f 1963//1963 1972//1972 1964//1964
f 1964//1964 1972//1972 1973//1973
f 1964//1964 1973//1973 1965//1965
f 1965//1965 1973//1973 1974//1974
f 1965//1965 1974//1974 1966//1966
f 1966//1966 1974//1974 1975//1975
f 1966//1966 1975//1975 1967//1967
f 1967//1967 1975//1975 1976//1976
f 1967//1967 1976//1976 1968//1968
f 1968//1968 1976//1976 1906//1906
f 1968//1968 1906//1906 1897//1897
f 1969//1969 1977//1977 1978//1978
f 1969//1969 1978//1978 1970//1970
f 1970//1970 1978//1978 1979//1979
f 1970//1970 1979//1979 1971//1971
f 1971//1971 1979//1979 1980//1980
f 1971//1971 1980//1980 1972//1972
f 1972//1972 1980//1980 1981//1981
f 1972//1972 1981//1981 1973//1973
f 1973//1973 1981//1981 1982//1982
f 1973//1973 1982//1982 1974//1974
f 1974//1974 1982//1982 1983//1983
f 1974//1974 1983//1983 1975//1975
f 1975//1975 1983//1983 1984//1984
f 1975//1975 1984//1984 1976//1976
f 1976//1976 1984//1984 1915//1915
f 1976//1976 1915//1915 1906//1906
f 1977//1977 1924//1924 1978//1978
f 1978//1978 1924//1924 1979//1979
f 1979//1979 1924//1924 1980//1980
f 1980//1980 1924//1924 1981//1981
f 1981//1981 1924//1924 1982//1982
f 1982//1982 1924//1924 1983//1983
f 1983//1983 1924//1924 1984//1984
f 1984//1984 1924//1924 1915//1915
f 545//545 1985//1985 1986//1986
f 545//545 1986//1986 632//632
f 632//632 1986//1986 1987//1987
f 632//632 1987//1987 1988//1988
f 1988//1988 1987//1987 1989//1989
f 1988//1988 1989//1989 628//628
f 628//628 1989//1989 1990//1990
f 628//628 1990//1990 1991//1991
f 1991//1991 1990//1990 1992//1992
f 1991//1991 1992//1992 624//624
f 624//624 1992//1992 1993//1993
f 624//624 1993//1993 622//622
f 622//622 1993//1993 1994//1994
f 622//622 1994//1994 620//620
f 620//620 1994//1994 1925//1925
f 620//620 1925//1925 617//617
f 1985//1985 1995//1995 1996//1996
f 1985//1985 1996//1996 1986//1986
f 1986//1986 1996//1996 1997//1997
f 1986//1986 1997//1997 1987//1987
f 1987//1987 1997//1997 1998//1998
f 1987//1987 1998//1998 1989//1989
f 1989//1989 1998//1998 1999//1999
f 1989//1989 1999//1999 1990//1990
f 1990//1990 1999//1999 2000//2000
f 1990//1990 2000//2000 1992//1992
f 1992//1992 2000//2000 2001//2001
f 1992//1992 2001//2001 1993//1993
f 1993//1993 2001//2001 2002//2002
f 1993//1993 2002//2002 1994//1994
f 1994//1994 2002//2002 1937//1937
f 1994//1994 1937//1937 1925//1925
f 1995//1995 2003//2003 2004//2004
f 1995//1995 2004//2004 1996//1996
f 1996//1996 2004//2004 2005//2005
f 1996//1996 2005//2005 1997//1997
f 1997//1997 2005//2005 2006//2006
f 1997//1997 2006//2006 1998//1998
f 1998//1998 2006//2006 2007//2007
f 1998//1998 2007//2007 1999//1999
f 1999//1999 2007//2007 2008//2008
f 1999//1999 2008//2008 2000//2000
f 2000//2000 2008//2008 2009//2009
f 2000//2000 2009//2009 2001//2001
f 2001//2001 2009//2009 2010//2010
f 2001//2001 2010//2010 2002//2002
f 2002//2002 2010//2010 1945//1945
f 2002//2002 1945//1945 1937//1937
f 2003//2003 2011//2011 2012//2012
f 2003//2003 2012//2012 2004//2004
f 2004//2004 2012//2012 2013//2013
f 2004//2004 2013//2013 2005//2005
f 2005//2005 2013//2013 2014//2014
f 2005//2005 2014//2014 2006//2006
f 2006//2006 2014//2014 2015//2015
f 2006//2006 2015//2015 2007//2007
f 2007//2007 2015//2015 2016//2016
f 2007//2007 2016//2016 2008//2008
f 2008//2008 2016//2016 2017//2017
f 2008//2008 2017//2017 2009//2009
f 2009//2009 2017//2017 2018//2018
f 2009//2009 2018//2018 2010//2010
f 2010//2010 2018//2018 1953//1953
f 2010//2010 1953//1953 1945//1945
f 2011//2011 2019//2019 2020//2020
f 2011//2011 2020//2020 2012//2012
f 2012//2012 2020//2020 2021//2021
f 2012//2012 2021//2021 2013//2013
f 2013//2013 2021//2021 2022//2022
f 2013//2013 2022//2022 2014//2014
f 2014//2014 2022//2022 2023//2023
f 2014//2014 2023//2023 2015//2015
f 2015//2015 2023//2023 2024//2024
f 2015//2015 2024//2024 2016//2016
f 2016//2016 2024//2024 2025//2025
f 2016//2016 2025//2025 2017//2017
f 2017//2017 2025//2025 2026//2026
f 2017//2017 2026//2026 2018//2018
f 2018//2018 2026//2026 1961//1961
f 2018//2018 1961//1961 1953//1953
f 2019//2019 2027//2027 2028//2028
f 2019//2019 2028//2028 2020//2020
f 2020//2020 2028//2028 2029//2029
f 2020//2020 2029//2029 2021//2021
f 2021//2021 2029//2029 2030//2030
f 2021//2021 2030//2030 2022//2022
f 2022//2022 2030//2030 2031//2031
f 2022//2022 2031//2031 2023//2023
f 2023//2023 2031//2031 2032//2032
f 2023//2023 2032//2032 2024//2024
f 2024//2024 2032//2032 2033//2033
f 2024//2024 2033//2033 2025//2025
f 2025//2025 2033//2033 2034//2034
f 2025//2025 2034//2034 2026//2026
f 2026//2026 2034//2034 1969//1969
f 2026//2026 1969//1969 1961//1961
f 2027//2027 2035//2035 2036//2036
f 2027//2027 2036//2036 2028//2028
f 2028//2028 2036//2036 2037//2037
f 2028//2028 2037//2037 2029//2029
f 2029//2029 2037//2037 2038//2038
f 2029//2029 2038//2038 2030//2030
f 2030//2030 2038//2038 2039//2039
f 2030//2030 2039//2039 2031//2031
f 2031//2031 2039//2039 2040//2040
f 2031//2031 2040//2040 2032//2032
f 2032//2032 2040//2040 2041//2041
f 2032//2032 2041//2041 2033//2033
f 2033//2033 2041//2041 2042//2042
f 2033//2033 2042//2042 2034//2034
f 2034//2034 2042//2042 1977//1977
f 2034//2034 1977//1977 1969//1969
f 2035//2035 1924//1924 2036//2036
f 2036//2036 1924//1924 2037//2037
f 2037//2037 1924//1924 2038//2038
f 2038//2038 1924//1924 2039//2039
f 2039//2039 1924//1924 2040//2040
f 2040//2040 1924//1924 2041//2041
f 2041//2041 1924//1924 2042//2042
f 2042//2042 1924//1924 1977//1977
f 562//562 1869//1869 2043//2043
f 562//562 2043//2043 560//560
f 560//560 2043//2043 2044//2044
f 560//560 2044//2044 2045//2045
f 2045//2045 2044//2044 2046//2046
f 2045//2045 2046//2046 556//556
f 556//556 2046//2046 2047//2047
f 556//556 2047//2047 554//554
f 554//554 2047//2047 2048//2048
f 554//554 2048//2048 2049//2049
f 2049//2049 2048//2048 2050//2050
f 2049//2049 2050//2050 550//550
f 550//550 2050//2050 2051//2051
f 550//550 2051//2051 2052//2052
f 2052//2052 2051//2051 1985//1985
f 2052//2052 1985//1985 545//545
f 1869//1869 1878//1878 2053//2053
f 1869//1869 2053//2053 2043//2043
f 2043//2043 2053//2053 2054//2054
f 2043//2043 2054//2054 2044//2044
f 2044//2044 2054//2054 2055//2055
f 2044//2044 2055//2055 2046//2046
f 2046//2046 2055//2055 2056//2056
f 2046//2046 2056//2056 2047//2047
f 2047//2047 2056//2056 2057//2057
f 2047//2047 2057//2057 2048//2048
f 2048//2048 2057//2057 2058//2058
f 2048//2048 2058//2058 2050//2050
f 2050//2050 2058//2058 2059//2059
f 2050//2050 2059//2059 2051//2051
f 2051//2051 2059//2059 1995//1995
f 2051//2051 1995//1995 1985//1985
f 1878//1878 1887//1887 2060//2060
f 1878//1878 2060//2060 2053//2053
f 2053//2053 2060//2060 2061//2061
f 2053//2053 2061//2061 2054//2054
f 2054//2054 2061//2061 2062//2062
f 2054//2054 2062//2062 2055//2055
f 2055//2055 2062//2062 2063//2063
f 2055//2055 2063//2063 2056//2056
f 2056//2056 2063//2063 2064//2064
f 2056//2056 2064//2064 2057//2057
f 2057//2057 2064//2064 2065//2065
f 2057//2057 2065//2065 2058//2058
f 2058//2058 2065//2065 2066//2066
f 2058//2058 2066//2066 2059//2059
f 2059//2059 2066//2066 2003//2003
f 2059//2059 2003//2003 1995//1995
f 1887//1887 1896//1896 2067//2067
f 1887//1887 2067//2067 2060//2060
f 2060//2060 2067//2067 2068//2068
f 2060//2060 2068//2068 2061//2061
f 2061//2061 2068//2068 2069//2069
f 2061//2061 2069//2069 2062//2062
f 2062//2062 2069//2069 2070//2070
f 2062//2062 2070//2070 2063//2063
f 2063//2063 2070//2070 2071//2071
f 2063//2063 2071//2071 2064//2064
f 2064//2064 2071//2071 2072//2072
f 2064//2064 2072//2072 2065//2065
f 2065//2065 2072//2072 2073//2073
f 2065//2065 2073//2073 2066//2066
f 2066//2066 2073//2073 2011//2011
f 2066//2066 2011//2011 2003//2003
f 1896//1896 1905//1905 2074//2074
f 1896//1896 2074//2074 2067//2067
f 2067//2067 2074//2074 2075//2075
f 2067//2067 2075//2075 2068//2068
f 2068//2068 2075//2075 2076//2076
f 2068//2068 2076//2076 2069//2069
f 2069//2069 2076//2076 2077//2077
f 2069//2069 2077//2077 2070//2070
f 2070//2070 2077//2077 2078//2078
f 2070//2070 2078//2078 2071//2071
f 2071//2071 2078//2078 2079//2079
f 2071//2071 2079//2079 2072//2072
f 2072//2072 2079//2079 2080//2080
f 2072//2072 2080//2080 2073//2073
f 2073//2073 2080//2080 2019//2019
f 2073//2073 2019//2019 2011//2011
f 1905//1905 1914//1914 2081//2081
f 1905//1905 2081//2081 2074//2074
f 2074//2074 2081//2081 2082//2082
f 2074//2074 2082//2082 2075//2075
f 2075//2075 2082//2082 2083//2083
f 2075//2075 2083//2083 2076//2076
f 2076//2076 2083//2083 2084//2084
f 2076//2076 2084//2084 2077//2077
f 2077//2077 2084//2084 2085//2085
f 2077//2077 2085//2085 2078//2078
f 2078//2078 2085//2085 2086//2086
f 2078//2078 2086//2086 2079//2079
f 2079//2079 2086//2086 2087//2087
f 2079//2079 2087//2087 2080//2080
f 2080//2080 2087//2087 2027//2027
f 2080//2080 2027//2027 2019//2019
f 1914//1914 1923//1923 2088//2088
f 1914//1914 2088//2088 2081//2081
f 2081//2081 2088//2088 2089//2089
f 2081//2081 2089//2089 2082//2082
f 2082//2082 2089//2089 2090//2090
f 2082//2082 2090//2090 2083//2083
f 2083//2083 2090//2090 2091//2091
f 2083//2083 2091//2091 2084//2084
f 2084//2084 2091//2091 2092//2092
f 2084//2084 2092//2092 2085//2085
f 2085//2085 2092//2092 2093//2093
f 2085//2085 2093//2093 2086//2086
f 2086//2086 2093//2093 2094//2094
f 2086//2086 2094//2094 2087//2087
f 2087//2087 2094//2094 2035//2035
f 2087//2087 2035//2035 2027//2027
f 1923//1923 1924//1924 2088//2088
f 2088//2088 1924//1924 2089//2089
f 2089//2089 1924//1924 2090//2090
f 2090//2090 1924//1924 2091//2091
f 2091//2091 1924//1924 2092//2092
f 2092//2092 1924//1924 2093//2093
f 2093//2093 1924//1924 2094//2094
f 2094//2094 1924//1924 2035//2035
